coin,market_cap_percentage,timestamp,date,time
btc,41.20117364248325,2022-03-01 04:52:16,2022-03-01,04:52:16
eth,17.533741197469485,2022-03-01 04:52:16,2022-03-01,04:52:16
usdt,3.9956383785882914,2022-03-01 04:52:16,2022-03-01,04:52:16
bnb,3.318775373731276,2022-03-01 04:52:16,2022-03-01,04:52:16
usdc,2.685125246463151,2022-03-01 04:52:16,2022-03-01,04:52:16
xrp,1.8665249047010275,2022-03-01 04:52:16,2022-03-01,04:52:16
luna,1.685560103010612,2022-03-01 04:52:16,2022-03-01,04:52:16
sol,1.567180397216373,2022-03-01 04:52:16,2022-03-01,04:52:16
ada,1.5484813062689775,2022-03-01 04:52:16,2022-03-01,04:52:16
avax,1.0775930764277244,2022-03-01 04:52:16,2022-03-01,04:52:16
btc,41.18314007858726,2022-03-01 05:02:23,2022-03-01,05:02:23
eth,17.5434448887895,2022-03-01 05:02:23,2022-03-01,05:02:23
usdt,3.991950013766052,2022-03-01 05:02:23,2022-03-01,05:02:23
bnb,3.3259836561520344,2022-03-01 05:02:23,2022-03-01,05:02:23
usdc,2.6822889786486512,2022-03-01 05:02:23,2022-03-01,05:02:23
xrp,1.8659191796635604,2022-03-01 05:02:23,2022-03-01,05:02:23
luna,1.683500179391704,2022-03-01 05:02:23,2022-03-01,05:02:23
sol,1.5681142165564024,2022-03-01 05:02:23,2022-03-01,05:02:23
ada,1.5495885773087543,2022-03-01 05:02:23,2022-03-01,05:02:23
avax,1.079848277368036,2022-03-01 05:02:23,2022-03-01,05:02:23
btc,41.17443233806526,2022-03-01 05:22:30,2022-03-01,05:22:30
eth,17.556369633836688,2022-03-01 05:22:30,2022-03-01,05:22:30
usdt,3.9894297286668654,2022-03-01 05:22:30,2022-03-01,05:22:30
bnb,3.3395517590061568,2022-03-01 05:22:30,2022-03-01,05:22:30
usdc,2.684375956942255,2022-03-01 05:22:30,2022-03-01,05:22:30
xrp,1.865261195250717,2022-03-01 05:22:30,2022-03-01,05:22:30
luna,1.675799000177411,2022-03-01 05:22:30,2022-03-01,05:22:30
sol,1.5651787862548,2022-03-01 05:22:30,2022-03-01,05:22:30
ada,1.5589816008245954,2022-03-01 05:22:30,2022-03-01,05:22:30
avax,1.0828692708004737,2022-03-01 05:22:30,2022-03-01,05:22:30
btc,41.176425700013766,2022-03-01 05:32:34,2022-03-01,05:32:34
eth,17.55748206045386,2022-03-01 05:32:34,2022-03-01,05:32:34
usdt,3.9947264661525255,2022-03-01 05:32:34,2022-03-01,05:32:34
bnb,3.3387902483239,2022-03-01 05:32:34,2022-03-01,05:32:34
usdc,2.686927909659154,2022-03-01 05:32:34,2022-03-01,05:32:34
xrp,1.8605210882058103,2022-03-01 05:32:34,2022-03-01,05:32:34
luna,1.66883696618285,2022-03-01 05:32:34,2022-03-01,05:32:34
sol,1.5635458025720386,2022-03-01 05:32:34,2022-03-01,05:32:34
ada,1.5587972195124986,2022-03-01 05:32:34,2022-03-01,05:32:34
avax,1.0829209532615582,2022-03-01 05:32:34,2022-03-01,05:32:34
btc,41.201986088777566,2022-03-01 05:42:39,2022-03-01,05:42:39
eth,17.56176430355571,2022-03-01 05:42:39,2022-03-01,05:42:39
usdt,3.997956624142249,2022-03-01 05:42:39,2022-03-01,05:42:39
bnb,3.342503802470108,2022-03-01 05:42:39,2022-03-01,05:42:39
usdc,2.6884363713855493,2022-03-01 05:42:39,2022-03-01,05:42:39
xrp,1.861337290208236,2022-03-01 05:42:39,2022-03-01,05:42:39
luna,1.6572968758603923,2022-03-01 05:42:39,2022-03-01,05:42:39
sol,1.559238496375354,2022-03-01 05:42:39,2022-03-01,05:42:39
ada,1.5572572305231192,2022-03-01 05:42:39,2022-03-01,05:42:39
avax,1.0773687804558385,2022-03-01 05:42:39,2022-03-01,05:42:39
btc,41.22461144652345,2022-03-01 06:02:43,2022-03-01,06:02:43
eth,17.545896107319198,2022-03-01 06:02:43,2022-03-01,06:02:43
usdt,4.001448299712957,2022-03-01 06:02:43,2022-03-01,06:02:43
bnb,3.342126917153586,2022-03-01 06:02:43,2022-03-01,06:02:43
usdc,2.6885410540375734,2022-03-01 06:02:43,2022-03-01,06:02:43
xrp,1.864276858743478,2022-03-01 06:02:43,2022-03-01,06:02:43
luna,1.6605995380282716,2022-03-01 06:02:43,2022-03-01,06:02:43
ada,1.5557754551093528,2022-03-01 06:02:43,2022-03-01,06:02:43
sol,1.551002920488731,2022-03-01 06:02:43,2022-03-01,06:02:43
avax,1.0749869326365658,2022-03-01 06:02:43,2022-03-01,06:02:43
btc,41.22925132450062,2022-03-01 06:12:45,2022-03-01,06:12:45
eth,17.53424607425184,2022-03-01 06:12:45,2022-03-01,06:12:45
usdt,4.00249786852015,2022-03-01 06:12:45,2022-03-01,06:12:45
bnb,3.347412059870321,2022-03-01 06:12:45,2022-03-01,06:12:45
usdc,2.691113063056413,2022-03-01 06:12:45,2022-03-01,06:12:45
xrp,1.8629975886030488,2022-03-01 06:12:45,2022-03-01,06:12:45
luna,1.6654465284063786,2022-03-01 06:12:45,2022-03-01,06:12:45
ada,1.5547703820747918,2022-03-01 06:12:45,2022-03-01,06:12:45
sol,1.5490105327114905,2022-03-01 06:12:45,2022-03-01,06:12:45
avax,1.0758349918142562,2022-03-01 06:12:45,2022-03-01,06:12:45
btc,41.27856949786827,2022-03-01 06:22:50,2022-03-01,06:22:50
eth,17.51170944584494,2022-03-01 06:22:50,2022-03-01,06:22:50
usdt,4.013552550598191,2022-03-01 06:22:50,2022-03-01,06:22:50
bnb,3.349131979719143,2022-03-01 06:22:50,2022-03-01,06:22:50
usdc,2.69286050266232,2022-03-01 06:22:50,2022-03-01,06:22:50
xrp,1.8597353695879564,2022-03-01 06:22:50,2022-03-01,06:22:50
luna,1.6659921125294137,2022-03-01 06:22:50,2022-03-01,06:22:50
ada,1.5478066553999714,2022-03-01 06:22:50,2022-03-01,06:22:50
sol,1.5467229096706276,2022-03-01 06:22:50,2022-03-01,06:22:50
avax,1.0726733339553949,2022-03-01 06:22:50,2022-03-01,06:22:50
btc,41.28050705593524,2022-03-01 06:32:52,2022-03-01,06:32:52
eth,17.512381392524443,2022-03-01 06:32:52,2022-03-01,06:32:52
usdt,4.007770915225263,2022-03-01 06:32:52,2022-03-01,06:32:52
bnb,3.3537433166747648,2022-03-01 06:32:52,2022-03-01,06:32:52
usdc,2.6872851254232835,2022-03-01 06:32:52,2022-03-01,06:32:52
xrp,1.859135823073556,2022-03-01 06:32:52,2022-03-01,06:32:52
luna,1.667050819850106,2022-03-01 06:32:52,2022-03-01,06:32:52
ada,1.550259932585625,2022-03-01 06:32:52,2022-03-01,06:32:52
sol,1.5494051254333734,2022-03-01 06:32:52,2022-03-01,06:32:52
avax,1.0727230051979817,2022-03-01 06:32:52,2022-03-01,06:32:52
btc,41.26355927300192,2022-03-01 06:52:57,2022-03-01,06:52:57
eth,17.509395171579868,2022-03-01 06:52:57,2022-03-01,06:52:57
usdt,3.995945244209437,2022-03-01 06:52:57,2022-03-01,06:52:57
bnb,3.385875021794212,2022-03-01 06:52:57,2022-03-01,06:52:57
usdc,2.6856613354298853,2022-03-01 06:52:57,2022-03-01,06:52:57
xrp,1.8625896760583884,2022-03-01 06:52:57,2022-03-01,06:52:57
luna,1.6615568833425651,2022-03-01 06:52:57,2022-03-01,06:52:57
ada,1.5526888903559386,2022-03-01 06:52:57,2022-03-01,06:52:57
sol,1.5512994760150849,2022-03-01 06:52:57,2022-03-01,06:52:57
avax,1.074127200014312,2022-03-01 06:52:57,2022-03-01,06:52:57
btc,41.26607477046716,2022-03-01 07:03:00,2022-03-01,07:03:00
eth,17.507115321041702,2022-03-01 07:03:00,2022-03-01,07:03:00
usdt,3.9872725169270913,2022-03-01 07:03:00,2022-03-01,07:03:00
bnb,3.4018045576424414,2022-03-01 07:03:00,2022-03-01,07:03:00
usdc,2.679600653910144,2022-03-01 07:03:00,2022-03-01,07:03:00
xrp,1.8633381938769555,2022-03-01 07:03:00,2022-03-01,07:03:00
luna,1.6641935738400893,2022-03-01 07:03:00,2022-03-01,07:03:00
ada,1.5532653385302189,2022-03-01 07:03:00,2022-03-01,07:03:00
sol,1.551478412417758,2022-03-01 07:03:00,2022-03-01,07:03:00
avax,1.0697846242921012,2022-03-01 07:03:00,2022-03-01,07:03:00
btc,41.26051557955775,2022-03-01 07:13:05,2022-03-01,07:13:05
eth,17.497086426100875,2022-03-01 07:13:05,2022-03-01,07:13:05
usdt,3.983505239344523,2022-03-01 07:13:05,2022-03-01,07:13:05
bnb,3.428318539603101,2022-03-01 07:13:05,2022-03-01,07:13:05
usdc,2.67628441031216,2022-03-01 07:13:05,2022-03-01,07:13:05
xrp,1.8570889074133945,2022-03-01 07:13:05,2022-03-01,07:13:05
luna,1.663598657701176,2022-03-01 07:13:05,2022-03-01,07:13:05
ada,1.5542242920967886,2022-03-01 07:13:05,2022-03-01,07:13:05
sol,1.549212136692902,2022-03-01 07:13:05,2022-03-01,07:13:05
avax,1.069426143549994,2022-03-01 07:13:05,2022-03-01,07:13:05
btc,41.22548370628172,2022-03-01 07:33:12,2022-03-01,07:33:12
eth,17.509463656194814,2022-03-01 07:33:12,2022-03-01,07:33:12
usdt,3.977041546153713,2022-03-01 07:33:12,2022-03-01,07:33:12
bnb,3.456103329325745,2022-03-01 07:33:12,2022-03-01,07:33:12
usdc,2.6758788821687527,2022-03-01 07:33:12,2022-03-01,07:33:12
xrp,1.856534336161396,2022-03-01 07:33:12,2022-03-01,07:33:12
luna,1.667890538751261,2022-03-01 07:33:12,2022-03-01,07:33:12
ada,1.5513912389105176,2022-03-01 07:33:12,2022-03-01,07:33:12
sol,1.5503750199583988,2022-03-01 07:33:12,2022-03-01,07:33:12
avax,1.0639281193768846,2022-03-01 07:33:12,2022-03-01,07:33:12
btc,41.21530171803612,2022-03-01 07:43:15,2022-03-01,07:43:15
eth,17.51097348423504,2022-03-01 07:43:15,2022-03-01,07:43:15
usdt,3.981908614707754,2022-03-01 07:43:15,2022-03-01,07:43:15
bnb,3.457083330185571,2022-03-01 07:43:15,2022-03-01,07:43:15
usdc,2.6765146841909497,2022-03-01 07:43:15,2022-03-01,07:43:15
xrp,1.8510665233594048,2022-03-01 07:43:15,2022-03-01,07:43:15
luna,1.669787863869628,2022-03-01 07:43:15,2022-03-01,07:43:15
ada,1.5507969546202849,2022-03-01 07:43:15,2022-03-01,07:43:15
sol,1.549503736136754,2022-03-01 07:43:15,2022-03-01,07:43:15
avax,1.0628629382515984,2022-03-01 07:43:15,2022-03-01,07:43:15
btc,41.20068516430682,2022-03-01 07:53:18,2022-03-01,07:53:18
eth,17.51322413963939,2022-03-01 07:53:18,2022-03-01,07:53:18
usdt,3.981899614937624,2022-03-01 07:53:18,2022-03-01,07:53:18
bnb,3.4608703703443884,2022-03-01 07:53:18,2022-03-01,07:53:18
usdc,2.6777053019834645,2022-03-01 07:53:18,2022-03-01,07:53:18
xrp,1.851932522294046,2022-03-01 07:53:18,2022-03-01,07:53:18
luna,1.673122675566701,2022-03-01 07:53:18,2022-03-01,07:53:18
ada,1.55044592801655,2022-03-01 07:53:18,2022-03-01,07:53:18
sol,1.54957035552945,2022-03-01 07:53:18,2022-03-01,07:53:18
avax,1.0642528179407225,2022-03-01 07:53:18,2022-03-01,07:53:18
btc,41.20207151395893,2022-03-01 08:13:26,2022-03-01,08:13:26
eth,17.49852455945114,2022-03-01 08:13:26,2022-03-01,08:13:26
usdt,3.975304089853244,2022-03-01 08:13:26,2022-03-01,08:13:26
bnb,3.4705345810268766,2022-03-01 08:13:26,2022-03-01,08:13:26
usdc,2.6698488699563305,2022-03-01 08:13:26,2022-03-01,08:13:26
xrp,1.8513398646412087,2022-03-01 08:13:26,2022-03-01,08:13:26
luna,1.6743132362056072,2022-03-01 08:13:26,2022-03-01,08:13:26
sol,1.5552347050457929,2022-03-01 08:13:26,2022-03-01,08:13:26
ada,1.5506065755892913,2022-03-01 08:13:26,2022-03-01,08:13:26
avax,1.066727878182248,2022-03-01 08:13:26,2022-03-01,08:13:26
btc,41.19852813103558,2022-03-01 08:23:29,2022-03-01,08:23:29
eth,17.48692933295701,2022-03-01 08:23:29,2022-03-01,08:23:29
usdt,3.976202656790524,2022-03-01 08:23:29,2022-03-01,08:23:29
bnb,3.4782156686576298,2022-03-01 08:23:29,2022-03-01,08:23:29
usdc,2.671440512025653,2022-03-01 08:23:29,2022-03-01,08:23:29
xrp,1.8489903795011189,2022-03-01 08:23:29,2022-03-01,08:23:29
luna,1.6803267265512911,2022-03-01 08:23:29,2022-03-01,08:23:29
sol,1.5530962349450128,2022-03-01 08:23:29,2022-03-01,08:23:29
ada,1.5470424874710504,2022-03-01 08:23:29,2022-03-01,08:23:29
avax,1.0640146242291055,2022-03-01 08:23:29,2022-03-01,08:23:29
btc,41.213734035091406,2022-03-01 08:33:31,2022-03-01,08:33:31
eth,17.48235378208412,2022-03-01 08:33:31,2022-03-01,08:33:31
usdt,3.976559520393732,2022-03-01 08:33:31,2022-03-01,08:33:31
bnb,3.4770629986848887,2022-03-01 08:33:31,2022-03-01,08:33:31
usdc,2.6711502176119977,2022-03-01 08:33:31,2022-03-01,08:33:31
xrp,1.8498874800757927,2022-03-01 08:33:31,2022-03-01,08:33:31
luna,1.6743154751328495,2022-03-01 08:33:31,2022-03-01,08:33:31
sol,1.5491999186889815,2022-03-01 08:33:31,2022-03-01,08:33:31
ada,1.5459193570373553,2022-03-01 08:33:31,2022-03-01,08:33:31
avax,1.069451813069996,2022-03-01 08:33:31,2022-03-01,08:33:31
btc,41.21525949158168,2022-03-01 08:43:34,2022-03-01,08:43:34
eth,17.48762178268918,2022-03-01 08:43:34,2022-03-01,08:43:34
usdt,3.978192118573076,2022-03-01 08:43:34,2022-03-01,08:43:34
bnb,3.483488804076821,2022-03-01 08:43:34,2022-03-01,08:43:34
usdc,2.6705309394594305,2022-03-01 08:43:34,2022-03-01,08:43:34
xrp,1.84878481005344,2022-03-01 08:43:34,2022-03-01,08:43:34
luna,1.6701832866861666,2022-03-01 08:43:34,2022-03-01,08:43:34
sol,1.543828460338017,2022-03-01 08:43:34,2022-03-01,08:43:34
ada,1.5432256658329573,2022-03-01 08:43:34,2022-03-01,08:43:34
avax,1.07574578604493,2022-03-01 08:43:34,2022-03-01,08:43:34
btc,41.189865088561255,2022-03-01 09:03:39,2022-03-01,09:03:39
eth,17.476244119144603,2022-03-01 09:03:39,2022-03-01,09:03:39
usdt,3.973195093707525,2022-03-01 09:03:39,2022-03-01,09:03:39
bnb,3.4953401160656186,2022-03-01 09:03:39,2022-03-01,09:03:39
usdc,2.6713698393004632,2022-03-01 09:03:39,2022-03-01,09:03:39
xrp,1.8496770918085044,2022-03-01 09:03:39,2022-03-01,09:03:39
luna,1.659587924765546,2022-03-01 09:03:39,2022-03-01,09:03:39
ada,1.5499322085476506,2022-03-01 09:03:39,2022-03-01,09:03:39
sol,1.5492738782839734,2022-03-01 09:03:39,2022-03-01,09:03:39
avax,1.069678121577627,2022-03-01 09:03:39,2022-03-01,09:03:39
btc,41.19900746216282,2022-03-01 09:13:41,2022-03-01,09:13:41
eth,17.482726315947865,2022-03-01 09:13:41,2022-03-01,09:13:41
usdt,3.980817080570216,2022-03-01 09:13:41,2022-03-01,09:13:41
bnb,3.4630039096396,2022-03-01 09:13:41,2022-03-01,09:13:41
usdc,2.676113227598864,2022-03-01 09:13:41,2022-03-01,09:13:41
xrp,1.8495419976864351,2022-03-01 09:13:41,2022-03-01,09:13:41
luna,1.6616642061325329,2022-03-01 09:13:41,2022-03-01,09:13:41
ada,1.5490014240478924,2022-03-01 09:13:41,2022-03-01,09:13:41
sol,1.544621715077265,2022-03-01 09:13:41,2022-03-01,09:13:41
avax,1.0673596313441152,2022-03-01 09:13:41,2022-03-01,09:13:41
btc,41.20872319460054,2022-03-01 09:23:43,2022-03-01,09:23:43
eth,17.47652394629034,2022-03-01 09:23:43,2022-03-01,09:23:43
usdt,3.982815724658689,2022-03-01 09:23:43,2022-03-01,09:23:43
bnb,3.443934598114972,2022-03-01 09:23:43,2022-03-01,09:23:43
usdc,2.680132581986088,2022-03-01 09:23:43,2022-03-01,09:23:43
xrp,1.848656747729106,2022-03-01 09:23:43,2022-03-01,09:23:43
luna,1.6684560317763508,2022-03-01 09:23:43,2022-03-01,09:23:43
ada,1.5507682013706428,2022-03-01 09:23:43,2022-03-01,09:23:43
sol,1.544819063239436,2022-03-01 09:23:43,2022-03-01,09:23:43
avax,1.0678562071285076,2022-03-01 09:23:43,2022-03-01,09:23:43
btc,41.24935776933147,2022-03-01 09:43:48,2022-03-01,09:43:48
eth,17.44656989526508,2022-03-01 09:43:48,2022-03-01,09:43:48
usdt,3.994197923786852,2022-03-01 09:43:48,2022-03-01,09:43:48
bnb,3.443538716458297,2022-03-01 09:43:48,2022-03-01,09:43:48
usdc,2.687175800813306,2022-03-01 09:43:48,2022-03-01,09:43:48
xrp,1.850436353560087,2022-03-01 09:43:48,2022-03-01,09:43:48
luna,1.6786381623170916,2022-03-01 09:43:48,2022-03-01,09:43:48
ada,1.5489133572482745,2022-03-01 09:43:48,2022-03-01,09:43:48
sol,1.5377853594601734,2022-03-01 09:43:48,2022-03-01,09:43:48
avax,1.0641365944560288,2022-03-01 09:43:48,2022-03-01,09:43:48
btc,41.236766507257016,2022-03-01 09:53:51,2022-03-01,09:53:51
eth,17.447626850470357,2022-03-01 09:53:51,2022-03-01,09:53:51
usdt,4.002681085489391,2022-03-01 09:53:51,2022-03-01,09:53:51
bnb,3.4396202696530875,2022-03-01 09:53:51,2022-03-01,09:53:51
usdc,2.690637897407124,2022-03-01 09:53:51,2022-03-01,09:53:51
xrp,1.8504092939648809,2022-03-01 09:53:51,2022-03-01,09:53:51
luna,1.6919839605513451,2022-03-01 09:53:51,2022-03-01,09:53:51
ada,1.5458757935047511,2022-03-01 09:53:51,2022-03-01,09:53:51
sol,1.5431524934669965,2022-03-01 09:53:51,2022-03-01,09:53:51
avax,1.0611006859885408,2022-03-01 09:53:51,2022-03-01,09:53:51
btc,41.2558923733708,2022-03-01 10:03:53,2022-03-01,10:03:53
eth,17.431476638714372,2022-03-01 10:03:53,2022-03-01,10:03:53
usdt,3.997008767630612,2022-03-01 10:03:53,2022-03-01,10:03:53
bnb,3.433905636143208,2022-03-01 10:03:53,2022-03-01,10:03:53
usdc,2.6920761045998955,2022-03-01 10:03:53,2022-03-01,10:03:53
xrp,1.8478652938976232,2022-03-01 10:03:53,2022-03-01,10:03:53
luna,1.7040330038753988,2022-03-01 10:03:53,2022-03-01,10:03:53
sol,1.5458542117320302,2022-03-01 10:03:53,2022-03-01,10:03:53
ada,1.5442613317511589,2022-03-01 10:03:53,2022-03-01,10:03:53
avax,1.0567804579315905,2022-03-01 10:03:53,2022-03-01,10:03:53
btc,41.25573673102066,2022-03-01 10:13:56,2022-03-01,10:13:56
eth,17.431410876569032,2022-03-01 10:13:56,2022-03-01,10:13:56
usdt,3.996993688479433,2022-03-01 10:13:56,2022-03-01,10:13:56
bnb,3.433892681359961,2022-03-01 10:13:56,2022-03-01,10:13:56
usdc,2.6920659484494025,2022-03-01 10:13:56,2022-03-01,10:13:56
xrp,1.8478583226244176,2022-03-01 10:13:56,2022-03-01,10:13:56
luna,1.7040265752251826,2022-03-01 10:13:56,2022-03-01,10:13:56
sol,1.5458483798285458,2022-03-01 10:13:56,2022-03-01,10:13:56
ada,1.5442555058569876,2022-03-01 10:13:56,2022-03-01,10:13:56
avax,1.0567764711121426,2022-03-01 10:13:56,2022-03-01,10:13:56
btc,41.26892383555054,2022-03-01 10:34:05,2022-03-01,10:34:05
eth,17.411039064385665,2022-03-01 10:34:05,2022-03-01,10:34:05
usdt,4.01618096336841,2022-03-01 10:34:05,2022-03-01,10:34:05
bnb,3.4347159757498185,2022-03-01 10:34:05,2022-03-01,10:34:05
usdc,2.6959348990383543,2022-03-01 10:34:05,2022-03-01,10:34:05
xrp,1.8482137681320256,2022-03-01 10:34:05,2022-03-01,10:34:05
luna,1.7298632924482322,2022-03-01 10:34:05,2022-03-01,10:34:05
sol,1.551849406220507,2022-03-01 10:34:05,2022-03-01,10:34:05
ada,1.537365344105458,2022-03-01 10:34:05,2022-03-01,10:34:05
avax,1.054029501325746,2022-03-01 10:34:05,2022-03-01,10:34:05
btc,41.24411279291006,2022-03-01 10:44:09,2022-03-01,10:44:09
eth,17.40554470781484,2022-03-01 10:44:09,2022-03-01,10:44:09
usdt,4.012497884176821,2022-03-01 10:44:09,2022-03-01,10:44:09
bnb,3.4413526161313914,2022-03-01 10:44:09,2022-03-01,10:44:09
usdc,2.694267812632294,2022-03-01 10:44:09,2022-03-01,10:44:09
xrp,1.848243360862572,2022-03-01 10:44:09,2022-03-01,10:44:09
luna,1.75542575314275,2022-03-01 10:44:09,2022-03-01,10:44:09
sol,1.5574387375474672,2022-03-01 10:44:09,2022-03-01,10:44:09
ada,1.5373374841241845,2022-03-01 10:44:09,2022-03-01,10:44:09
avax,1.058060724345696,2022-03-01 10:44:09,2022-03-01,10:44:09
btc,41.2595591218623,2022-03-01 11:14:16,2022-03-01,11:14:16
eth,17.45738352592225,2022-03-01 11:14:16,2022-03-01,11:14:16
usdt,3.97666346774732,2022-03-01 11:14:16,2022-03-01,11:14:16
bnb,3.4367230103202973,2022-03-01 11:14:16,2022-03-01,11:14:16
usdc,2.673540082688296,2022-03-01 11:14:16,2022-03-01,11:14:16
xrp,1.852316587602164,2022-03-01 11:14:16,2022-03-01,11:14:16
luna,1.7578206058916128,2022-03-01 11:14:16,2022-03-01,11:14:16
sol,1.5579221999817257,2022-03-01 11:14:16,2022-03-01,11:14:16
ada,1.5403155520012135,2022-03-01 11:14:16,2022-03-01,11:14:16
avax,1.055635402869002,2022-03-01 11:14:16,2022-03-01,11:14:16
btc,41.43276175601467,2022-03-01 12:24:37,2022-03-01,12:24:37
eth,17.378979291075712,2022-03-01 12:24:37,2022-03-01,12:24:37
usdt,3.9707276993176346,2022-03-01 12:24:37,2022-03-01,12:24:37
bnb,3.3942703501597484,2022-03-01 12:24:37,2022-03-01,12:24:37
usdc,2.6612571730376606,2022-03-01 12:24:37,2022-03-01,12:24:37
xrp,1.8458357489239388,2022-03-01 12:24:37,2022-03-01,12:24:37
luna,1.7354795003109946,2022-03-01 12:24:37,2022-03-01,12:24:37
sol,1.561350867629094,2022-03-01 12:24:37,2022-03-01,12:24:37
ada,1.5381706618178372,2022-03-01 12:24:37,2022-03-01,12:24:37
avax,1.0588596687941143,2022-03-01 12:24:37,2022-03-01,12:24:37
btc,41.4839704859285,2022-03-01 12:34:39,2022-03-01,12:34:39
eth,17.402072025814356,2022-03-01 12:34:39,2022-03-01,12:34:39
usdt,3.937304392059281,2022-03-01 12:34:39,2022-03-01,12:34:39
bnb,3.3944974036762603,2022-03-01 12:34:39,2022-03-01,12:34:39
usdc,2.64470168632592,2022-03-01 12:34:39,2022-03-01,12:34:39
xrp,1.8516778951600013,2022-03-01 12:34:39,2022-03-01,12:34:39
luna,1.7240617846831638,2022-03-01 12:34:39,2022-03-01,12:34:39
sol,1.565204864239341,2022-03-01 12:34:39,2022-03-01,12:34:39
ada,1.5387788390281965,2022-03-01 12:34:39,2022-03-01,12:34:39
avax,1.0642073387893272,2022-03-01 12:34:39,2022-03-01,12:34:39
btc,41.57574643818643,2022-03-01 12:44:42,2022-03-01,12:44:42
eth,17.380077844824623,2022-03-01 12:44:42,2022-03-01,12:44:42
usdt,3.933647323535329,2022-03-01 12:44:42,2022-03-01,12:44:42
bnb,3.388517384824424,2022-03-01 12:44:42,2022-03-01,12:44:42
usdc,2.65044154993802,2022-03-01 12:44:42,2022-03-01,12:44:42
xrp,1.8425080950810464,2022-03-01 12:44:42,2022-03-01,12:44:42
luna,1.7191136486020342,2022-03-01 12:44:42,2022-03-01,12:44:42
sol,1.5587080907764406,2022-03-01 12:44:42,2022-03-01,12:44:42
ada,1.5292785434555878,2022-03-01 12:44:42,2022-03-01,12:44:42
avax,1.0624198285101996,2022-03-01 12:44:42,2022-03-01,12:44:42
btc,41.6370287004778,2022-03-01 13:04:47,2022-03-01,13:04:47
eth,17.367535512788905,2022-03-01 13:04:47,2022-03-01,13:04:47
usdt,3.9203967895187946,2022-03-01 13:04:47,2022-03-01,13:04:47
bnb,3.389211031743531,2022-03-01 13:04:47,2022-03-01,13:04:47
usdc,2.637212116762472,2022-03-01 13:04:47,2022-03-01,13:04:47
xrp,1.841775066082767,2022-03-01 13:04:47,2022-03-01,13:04:47
luna,1.7148209323173491,2022-03-01 13:04:47,2022-03-01,13:04:47
sol,1.5544307122499628,2022-03-01 13:04:47,2022-03-01,13:04:47
ada,1.5268484396309538,2022-03-01 13:04:47,2022-03-01,13:04:47
avax,1.0706068960310278,2022-03-01 13:04:47,2022-03-01,13:04:47
btc,41.62545334148534,2022-03-01 13:14:50,2022-03-01,13:14:50
eth,17.401500468040794,2022-03-01 13:14:50,2022-03-01,13:14:50
usdt,3.9132426833800418,2022-03-01 13:14:50,2022-03-01,13:14:50
bnb,3.384716844751993,2022-03-01 13:14:50,2022-03-01,13:14:50
usdc,2.632023317189638,2022-03-01 13:14:50,2022-03-01,13:14:50
xrp,1.8413613813055765,2022-03-01 13:14:50,2022-03-01,13:14:50
luna,1.7099937577342263,2022-03-01 13:14:50,2022-03-01,13:14:50
sol,1.554698885767,2022-03-01 13:14:50,2022-03-01,13:14:50
ada,1.5257559751587424,2022-03-01 13:14:50,2022-03-01,13:14:50
avax,1.072420034807264,2022-03-01 13:14:50,2022-03-01,13:14:50
btc,41.58320768059586,2022-03-01 13:24:53,2022-03-01,13:24:53
eth,17.465225517494066,2022-03-01 13:24:53,2022-03-01,13:24:53
usdt,3.900806142422056,2022-03-01 13:24:53,2022-03-01,13:24:53
bnb,3.3823307069580046,2022-03-01 13:24:53,2022-03-01,13:24:53
usdc,2.6193140505264334,2022-03-01 13:24:53,2022-03-01,13:24:53
xrp,1.8372022652952107,2022-03-01 13:24:53,2022-03-01,13:24:53
luna,1.692724853525439,2022-03-01 13:24:53,2022-03-01,13:24:53
sol,1.5614304649206043,2022-03-01 13:24:53,2022-03-01,13:24:53
ada,1.5267060688691885,2022-03-01 13:24:53,2022-03-01,13:24:53
avax,1.074591186031662,2022-03-01 13:24:53,2022-03-01,13:24:53
btc,41.48671722042068,2022-03-01 13:44:58,2022-03-01,13:44:58
eth,17.538988546343344,2022-03-01 13:44:58,2022-03-01,13:44:58
usdt,3.9035057327001423,2022-03-01 13:44:58,2022-03-01,13:44:58
bnb,3.3759915448745543,2022-03-01 13:44:58,2022-03-01,13:44:58
usdc,2.618330774349927,2022-03-01 13:44:58,2022-03-01,13:44:58
xrp,1.8409835360837608,2022-03-01 13:44:58,2022-03-01,13:44:58
luna,1.676882804363617,2022-03-01 13:44:58,2022-03-01,13:44:58
sol,1.5889377853565083,2022-03-01 13:44:58,2022-03-01,13:44:58
ada,1.5357999454192743,2022-03-01 13:44:58,2022-03-01,13:44:58
avax,1.072621308226981,2022-03-01 13:44:58,2022-03-01,13:44:58
btc,41.41735905099006,2022-03-01 13:55:02,2022-03-01,13:55:02
eth,17.59895915877945,2022-03-01 13:55:02,2022-03-01,13:55:02
usdt,3.89970895615335,2022-03-01 13:55:02,2022-03-01,13:55:02
bnb,3.37891011615712,2022-03-01 13:55:02,2022-03-01,13:55:02
usdc,2.620740196778537,2022-03-01 13:55:02,2022-03-01,13:55:02
xrp,1.8423296395280264,2022-03-01 13:55:02,2022-03-01,13:55:02
luna,1.6744164092287743,2022-03-01 13:55:02,2022-03-01,13:55:02
sol,1.575233587284983,2022-03-01 13:55:02,2022-03-01,13:55:02
ada,1.536532029754994,2022-03-01 13:55:02,2022-03-01,13:55:02
avax,1.0726199622117731,2022-03-01 13:55:02,2022-03-01,13:55:02
btc,41.27430694011701,2022-03-01 14:05:08,2022-03-01,14:05:08
eth,17.65177511336909,2022-03-01 14:05:08,2022-03-01,14:05:08
usdt,3.883761850493708,2022-03-01 14:05:08,2022-03-01,14:05:08
bnb,3.380927484908633,2022-03-01 14:05:08,2022-03-01,14:05:08
usdc,2.6080807471312086,2022-03-01 14:05:08,2022-03-01,14:05:08
xrp,1.8572049208959664,2022-03-01 14:05:08,2022-03-01,14:05:08
luna,1.673493755960445,2022-03-01 14:05:08,2022-03-01,14:05:08
sol,1.5832227089046234,2022-03-01 14:05:08,2022-03-01,14:05:08
ada,1.543886169594793,2022-03-01 14:05:08,2022-03-01,14:05:08
avax,1.0796385580642796,2022-03-01 14:05:08,2022-03-01,14:05:08
btc,41.21214031591642,2022-03-01 14:15:10,2022-03-01,14:15:10
eth,17.678136093843484,2022-03-01 14:15:10,2022-03-01,14:15:10
usdt,3.8783851867325088,2022-03-01 14:15:10,2022-03-01,14:15:10
bnb,3.378619473867236,2022-03-01 14:15:10,2022-03-01,14:15:10
usdc,2.6103024605114467,2022-03-01 14:15:10,2022-03-01,14:15:10
xrp,1.86717984052086,2022-03-01 14:15:10,2022-03-01,14:15:10
luna,1.685376377872413,2022-03-01 14:15:10,2022-03-01,14:15:10
sol,1.5866879522078134,2022-03-01 14:15:10,2022-03-01,14:15:10
ada,1.5507078938313643,2022-03-01 14:15:10,2022-03-01,14:15:10
avax,1.08102617959314,2022-03-01 14:15:10,2022-03-01,14:15:10
btc,41.24978971168695,2022-03-01 14:35:18,2022-03-01,14:35:18
eth,17.657334736884163,2022-03-01 14:35:18,2022-03-01,14:35:18
usdt,3.883426864060953,2022-03-01 14:35:18,2022-03-01,14:35:18
bnb,3.384794124236465,2022-03-01 14:35:18,2022-03-01,14:35:18
usdc,2.610302096022842,2022-03-01 14:35:18,2022-03-01,14:35:18
xrp,1.8659842650403828,2022-03-01 14:35:18,2022-03-01,14:35:18
luna,1.6672913088210906,2022-03-01 14:35:18,2022-03-01,14:35:18
sol,1.5814582972448623,2022-03-01 14:35:18,2022-03-01,14:35:18
ada,1.5593090201145343,2022-03-01 14:35:18,2022-03-01,14:35:18
avax,1.0774984762447792,2022-03-01 14:35:18,2022-03-01,14:35:18
btc,41.272664211616615,2022-03-01 14:45:21,2022-03-01,14:45:21
eth,17.663993531698242,2022-03-01 14:45:21,2022-03-01,14:45:21
usdt,3.900700657049154,2022-03-01 14:45:21,2022-03-01,14:45:21
bnb,3.3846534914732587,2022-03-01 14:45:21,2022-03-01,14:45:21
usdc,2.61873841644753,2022-03-01 14:45:21,2022-03-01,14:45:21
xrp,1.8504861443753704,2022-03-01 14:45:21,2022-03-01,14:45:21
luna,1.66577746262549,2022-03-01 14:45:21,2022-03-01,14:45:21
sol,1.575947982329842,2022-03-01 14:45:21,2022-03-01,14:45:21
ada,1.558215185780428,2022-03-01 14:45:21,2022-03-01,14:45:21
avax,1.0732939335126157,2022-03-01 14:45:21,2022-03-01,14:45:21
btc,41.28278359277913,2022-03-01 14:55:24,2022-03-01,14:55:24
eth,17.668771178082377,2022-03-01 14:55:24,2022-03-01,14:55:24
usdt,3.91294980313288,2022-03-01 14:55:24,2022-03-01,14:55:24
bnb,3.376581792751766,2022-03-01 14:55:24,2022-03-01,14:55:24
usdc,2.6401869550513286,2022-03-01 14:55:24,2022-03-01,14:55:24
xrp,1.8526864208444405,2022-03-01 14:55:24,2022-03-01,14:55:24
luna,1.6647133412678934,2022-03-01 14:55:24,2022-03-01,14:55:24
sol,1.569650230358539,2022-03-01 14:55:24,2022-03-01,14:55:24
ada,1.5543529060753891,2022-03-01 14:55:24,2022-03-01,14:55:24
avax,1.0702167877329067,2022-03-01 14:55:24,2022-03-01,14:55:24
btc,41.28379752932409,2022-03-01 15:15:30,2022-03-01,15:15:30
eth,17.680487124222484,2022-03-01 15:15:30,2022-03-01,15:15:30
usdt,3.926222987394116,2022-03-01 15:15:30,2022-03-01,15:15:30
bnb,3.3749890387014823,2022-03-01 15:15:30,2022-03-01,15:15:30
usdc,2.6475662373940625,2022-03-01 15:15:30,2022-03-01,15:15:30
xrp,1.8600623425969056,2022-03-01 15:15:30,2022-03-01,15:15:30
luna,1.655138081101304,2022-03-01 15:15:30,2022-03-01,15:15:30
sol,1.5633772551193847,2022-03-01 15:15:30,2022-03-01,15:15:30
ada,1.5533318579758826,2022-03-01 15:15:30,2022-03-01,15:15:30
avax,1.0660868971610278,2022-03-01 15:15:30,2022-03-01,15:15:30
btc,41.24091665744484,2022-03-01 15:25:32,2022-03-01,15:25:32
eth,17.671013321951794,2022-03-01 15:25:32,2022-03-01,15:25:32
usdt,3.936671933746144,2022-03-01 15:25:32,2022-03-01,15:25:32
bnb,3.375455049185162,2022-03-01 15:25:32,2022-03-01,15:25:32
usdc,2.654757189457721,2022-03-01 15:25:32,2022-03-01,15:25:32
xrp,1.862428172418252,2022-03-01 15:25:32,2022-03-01,15:25:32
luna,1.640547080847764,2022-03-01 15:25:32,2022-03-01,15:25:32
sol,1.5703557821025635,2022-03-01 15:25:32,2022-03-01,15:25:32
ada,1.5536830798011174,2022-03-01 15:25:32,2022-03-01,15:25:32
avax,1.068265483296717,2022-03-01 15:25:32,2022-03-01,15:25:32
btc,41.26888354529074,2022-03-01 15:35:36,2022-03-01,15:35:36
eth,17.638183199578144,2022-03-01 15:35:36,2022-03-01,15:35:36
usdt,3.936303190215632,2022-03-01 15:35:36,2022-03-01,15:35:36
bnb,3.3825725105231346,2022-03-01 15:35:36,2022-03-01,15:35:36
usdc,2.6471197237073665,2022-03-01 15:35:36,2022-03-01,15:35:36
xrp,1.862400840572856,2022-03-01 15:35:36,2022-03-01,15:35:36
luna,1.6384385690456558,2022-03-01 15:35:36,2022-03-01,15:35:36
sol,1.5667641263434458,2022-03-01 15:35:36,2022-03-01,15:35:36
ada,1.5514568579804278,2022-03-01 15:35:36,2022-03-01,15:35:36
avax,1.0677752599147403,2022-03-01 15:35:36,2022-03-01,15:35:36
btc,41.31478169172272,2022-03-01 15:55:41,2022-03-01,15:55:41
eth,17.60094905835155,2022-03-01 15:55:41,2022-03-01,15:55:41
usdt,3.952996760300974,2022-03-01 15:55:41,2022-03-01,15:55:41
bnb,3.3810588572326576,2022-03-01 15:55:41,2022-03-01,15:55:41
usdc,2.666710233504077,2022-03-01 15:55:41,2022-03-01,15:55:41
xrp,1.8582769932112289,2022-03-01 15:55:41,2022-03-01,15:55:41
luna,1.6274873790428996,2022-03-01 15:55:41,2022-03-01,15:55:41
sol,1.5564201933099528,2022-03-01 15:55:41,2022-03-01,15:55:41
ada,1.5436480968982798,2022-03-01 15:55:41,2022-03-01,15:55:41
avax,1.0639573289719586,2022-03-01 15:55:41,2022-03-01,15:55:41
btc,41.26019740366314,2022-03-01 16:05:44,2022-03-01,16:05:44
eth,17.60209429977088,2022-03-01 16:05:44,2022-03-01,16:05:44
usdt,3.9672713333739096,2022-03-01 16:05:44,2022-03-01,16:05:44
bnb,3.38525522021977,2022-03-01 16:05:44,2022-03-01,16:05:44
usdc,2.666404404226236,2022-03-01 16:05:44,2022-03-01,16:05:44
xrp,1.862538463309352,2022-03-01 16:05:44,2022-03-01,16:05:44
luna,1.6279008000666146,2022-03-01 16:05:44,2022-03-01,16:05:44
sol,1.5628649755859143,2022-03-01 16:05:44,2022-03-01,16:05:44
ada,1.5451142006528789,2022-03-01 16:05:44,2022-03-01,16:05:44
avax,1.059067594150858,2022-03-01 16:05:44,2022-03-01,16:05:44
btc,41.26688476975326,2022-03-01 16:15:46,2022-03-01,16:15:46
eth,17.58719170163705,2022-03-01 16:15:46,2022-03-01,16:15:46
usdt,3.961049489726435,2022-03-01 16:15:46,2022-03-01,16:15:46
bnb,3.391292166993777,2022-03-01 16:15:46,2022-03-01,16:15:46
usdc,2.666450793609396,2022-03-01 16:15:46,2022-03-01,16:15:46
xrp,1.8636992142355056,2022-03-01 16:15:46,2022-03-01,16:15:46
luna,1.6347521841267834,2022-03-01 16:15:46,2022-03-01,16:15:46
sol,1.5609924183988806,2022-03-01 16:15:46,2022-03-01,16:15:46
ada,1.5437823997577975,2022-03-01 16:15:46,2022-03-01,16:15:46
avax,1.0575410731467103,2022-03-01 16:15:46,2022-03-01,16:15:46
btc,41.25138540486444,2022-03-01 16:25:48,2022-03-01,16:25:48
eth,17.575808860637135,2022-03-01 16:25:48,2022-03-01,16:25:48
usdt,3.960883160248035,2022-03-01 16:25:48,2022-03-01,16:25:48
bnb,3.39286851812753,2022-03-01 16:25:48,2022-03-01,16:25:48
usdc,2.6684985008308653,2022-03-01 16:25:48,2022-03-01,16:25:48
xrp,1.8673312897724708,2022-03-01 16:25:48,2022-03-01,16:25:48
luna,1.6408746650037331,2022-03-01 16:25:48,2022-03-01,16:25:48
sol,1.565965811780121,2022-03-01 16:25:48,2022-03-01,16:25:48
ada,1.544041056249959,2022-03-01 16:25:48,2022-03-01,16:25:48
avax,1.0582606012782174,2022-03-01 16:25:48,2022-03-01,16:25:48
btc,41.2895144138682,2022-03-01 16:45:54,2022-03-01,16:45:54
eth,17.536787304804825,2022-03-01 16:45:54,2022-03-01,16:45:54
usdt,3.9637835568194313,2022-03-01 16:45:54,2022-03-01,16:45:54
bnb,3.397224569928889,2022-03-01 16:45:54,2022-03-01,16:45:54
usdc,2.6759759697987544,2022-03-01 16:45:54,2022-03-01,16:45:54
xrp,1.8575878076293104,2022-03-01 16:45:54,2022-03-01,16:45:54
luna,1.6371909812584124,2022-03-01 16:45:54,2022-03-01,16:45:54
sol,1.559466977639703,2022-03-01 16:45:54,2022-03-01,16:45:54
ada,1.5393573543675,2022-03-01 16:45:54,2022-03-01,16:45:54
avax,1.0577388477993954,2022-03-01 16:45:54,2022-03-01,16:45:54
btc,41.284068920073786,2022-03-01 16:55:58,2022-03-01,16:55:58
eth,17.536156094973055,2022-03-01 16:55:58,2022-03-01,16:55:58
usdt,3.975948103293677,2022-03-01 16:55:58,2022-03-01,16:55:58
bnb,3.395258318585817,2022-03-01 16:55:58,2022-03-01,16:55:58
usdc,2.6762994351190867,2022-03-01 16:55:58,2022-03-01,16:55:58
xrp,1.8588214771714893,2022-03-01 16:55:58,2022-03-01,16:55:58
luna,1.6410854236455663,2022-03-01 16:55:58,2022-03-01,16:55:58
sol,1.5551334063491236,2022-03-01 16:55:58,2022-03-01,16:55:58
ada,1.5383064751626407,2022-03-01 16:55:58,2022-03-01,16:55:58
avax,1.0534896722907223,2022-03-01 16:55:58,2022-03-01,16:55:58
btc,41.28711405252648,2022-03-01 17:06:03,2022-03-01,17:06:03
eth,17.50124624047282,2022-03-01 17:06:03,2022-03-01,17:06:03
usdt,3.9867401099318815,2022-03-01 17:06:03,2022-03-01,17:06:03
bnb,3.3964261196795578,2022-03-01 17:06:03,2022-03-01,17:06:03
usdc,2.685742467372661,2022-03-01 17:06:03,2022-03-01,17:06:03
xrp,1.86020151578446,2022-03-01 17:06:03,2022-03-01,17:06:03
luna,1.6565949280874297,2022-03-01 17:06:03,2022-03-01,17:06:03
sol,1.5543874489747471,2022-03-01 17:06:03,2022-03-01,17:06:03
ada,1.5443820466710183,2022-03-01 17:06:03,2022-03-01,17:06:03
avax,1.0509556982539612,2022-03-01 17:06:03,2022-03-01,17:06:03
btc,41.28310753572028,2022-03-01 17:26:17,2022-03-01,17:26:17
eth,17.524498763879947,2022-03-01 17:26:17,2022-03-01,17:26:17
usdt,3.984941068385752,2022-03-01 17:26:17,2022-03-01,17:26:17
bnb,3.381678458758601,2022-03-01 17:26:17,2022-03-01,17:26:17
usdc,2.6801322041316387,2022-03-01 17:26:17,2022-03-01,17:26:17
xrp,1.8602793433533733,2022-03-01 17:26:17,2022-03-01,17:26:17
luna,1.665793838677166,2022-03-01 17:26:17,2022-03-01,17:26:17
sol,1.558756302260134,2022-03-01 17:26:17,2022-03-01,17:26:17
ada,1.5471631875986616,2022-03-01 17:26:17,2022-03-01,17:26:17
avax,1.0488625827431128,2022-03-01 17:26:17,2022-03-01,17:26:17
btc,41.296586478199714,2022-03-01 17:36:18,2022-03-01,17:36:18
eth,17.525211552697566,2022-03-01 17:36:18,2022-03-01,17:36:18
usdt,3.971727907841247,2022-03-01 17:36:18,2022-03-01,17:36:18
bnb,3.38001144412756,2022-03-01 17:36:18,2022-03-01,17:36:18
usdc,2.676866652016084,2022-03-01 17:36:18,2022-03-01,17:36:18
xrp,1.866080764946352,2022-03-01 17:36:18,2022-03-01,17:36:18
luna,1.664123534520196,2022-03-01 17:36:18,2022-03-01,17:36:18
sol,1.5585051214845085,2022-03-01 17:36:18,2022-03-01,17:36:18
ada,1.547911836869058,2022-03-01 17:36:18,2022-03-01,17:36:18
avax,1.048566265152178,2022-03-01 17:36:18,2022-03-01,17:36:18
btc,41.28857299515896,2022-03-01 17:46:22,2022-03-01,17:46:22
eth,17.519713190300763,2022-03-01 17:46:22,2022-03-01,17:46:22
usdt,3.973281796847763,2022-03-01 17:46:22,2022-03-01,17:46:22
bnb,3.3780755318629563,2022-03-01 17:46:22,2022-03-01,17:46:22
usdc,2.6781935828698216,2022-03-01 17:46:22,2022-03-01,17:46:22
xrp,1.871554436584672,2022-03-01 17:46:22,2022-03-01,17:46:22
luna,1.661280944021701,2022-03-01 17:46:22,2022-03-01,17:46:22
sol,1.5565071349843975,2022-03-01 17:46:22,2022-03-01,17:46:22
ada,1.550537116855585,2022-03-01 17:46:22,2022-03-01,17:46:22
avax,1.0450661416600424,2022-03-01 17:46:22,2022-03-01,17:46:22
btc,41.28172441087046,2022-03-01 17:56:24,2022-03-01,17:56:24
eth,17.51974138654312,2022-03-01 17:56:24,2022-03-01,17:56:24
usdt,3.9666536870490097,2022-03-01 17:56:24,2022-03-01,17:56:24
bnb,3.380340642937613,2022-03-01 17:56:24,2022-03-01,17:56:24
usdc,2.6742767784027186,2022-03-01 17:56:24,2022-03-01,17:56:24
xrp,1.87401604754288,2022-03-01 17:56:24,2022-03-01,17:56:24
luna,1.6644528681736774,2022-03-01 17:56:24,2022-03-01,17:56:24
sol,1.5567310797005174,2022-03-01 17:56:24,2022-03-01,17:56:24
ada,1.5525407528193775,2022-03-01 17:56:24,2022-03-01,17:56:24
avax,1.0466683199303597,2022-03-01 17:56:24,2022-03-01,17:56:24
btc,41.30320780066524,2022-03-01 18:16:29,2022-03-01,18:16:29
eth,17.52280213092956,2022-03-01 18:16:29,2022-03-01,18:16:29
usdt,3.957292477497552,2022-03-01 18:16:29,2022-03-01,18:16:29
bnb,3.380338780887271,2022-03-01 18:16:29,2022-03-01,18:16:29
usdc,2.6734674659657327,2022-03-01 18:16:29,2022-03-01,18:16:29
xrp,1.871348338184616,2022-03-01 18:16:29,2022-03-01,18:16:29
luna,1.6676509794329946,2022-03-01 18:16:29,2022-03-01,18:16:29
sol,1.554073515749271,2022-03-01 18:16:29,2022-03-01,18:16:29
ada,1.55334530752369,2022-03-01 18:16:29,2022-03-01,18:16:29
avax,1.0510924156153283,2022-03-01 18:16:29,2022-03-01,18:16:29
btc,41.30248460854294,2022-03-01 18:26:31,2022-03-01,18:26:31
eth,17.51026869758457,2022-03-01 18:26:31,2022-03-01,18:26:31
usdt,3.967845784449073,2022-03-01 18:26:31,2022-03-01,18:26:31
bnb,3.382085066716172,2022-03-01 18:26:31,2022-03-01,18:26:31
usdc,2.674013325915168,2022-03-01 18:26:31,2022-03-01,18:26:31
xrp,1.8673685052658096,2022-03-01 18:26:31,2022-03-01,18:26:31
luna,1.6661217773022228,2022-03-01 18:26:31,2022-03-01,18:26:31
sol,1.552626177999986,2022-03-01 18:26:31,2022-03-01,18:26:31
ada,1.5486450591940495,2022-03-01 18:26:31,2022-03-01,18:26:31
avax,1.0564746813539136,2022-03-01 18:26:31,2022-03-01,18:26:31
btc,41.28523704852997,2022-03-01 18:36:33,2022-03-01,18:36:33
eth,17.518093483637713,2022-03-01 18:36:33,2022-03-01,18:36:33
usdt,3.966895861206501,2022-03-01 18:36:33,2022-03-01,18:36:33
bnb,3.38306674416078,2022-03-01 18:36:33,2022-03-01,18:36:33
usdc,2.6696831813633035,2022-03-01 18:36:33,2022-03-01,18:36:33
xrp,1.868971258732931,2022-03-01 18:36:33,2022-03-01,18:36:33
luna,1.6711351159629275,2022-03-01 18:36:33,2022-03-01,18:36:33
sol,1.5535966261847642,2022-03-01 18:36:33,2022-03-01,18:36:33
ada,1.545516247833843,2022-03-01 18:36:33,2022-03-01,18:36:33
avax,1.0597453229339322,2022-03-01 18:36:33,2022-03-01,18:36:33
btc,41.24412141448951,2022-03-01 18:56:41,2022-03-01,18:56:41
eth,17.545081436573074,2022-03-01 18:56:41,2022-03-01,18:56:41
usdt,3.9454473023523575,2022-03-01 18:56:41,2022-03-01,18:56:41
bnb,3.406703239925944,2022-03-01 18:56:41,2022-03-01,18:56:41
usdc,2.659089972686556,2022-03-01 18:56:41,2022-03-01,18:56:41
xrp,1.8719516159074128,2022-03-01 18:56:41,2022-03-01,18:56:41
luna,1.688833656585836,2022-03-01 18:56:41,2022-03-01,18:56:41
sol,1.5615452694895764,2022-03-01 18:56:41,2022-03-01,18:56:41
ada,1.543562525649953,2022-03-01 18:56:41,2022-03-01,18:56:41
avax,1.0653802527721512,2022-03-01 18:56:41,2022-03-01,18:56:41
btc,41.23525896808784,2022-03-01 19:06:43,2022-03-01,19:06:43
eth,17.563775075981532,2022-03-01 19:06:43,2022-03-01,19:06:43
usdt,3.941415344867696,2022-03-01 19:06:43,2022-03-01,19:06:43
bnb,3.4026871992757903,2022-03-01 19:06:43,2022-03-01,19:06:43
usdc,2.653879248399284,2022-03-01 19:06:43,2022-03-01,19:06:43
xrp,1.8703652521246488,2022-03-01 19:06:43,2022-03-01,19:06:43
luna,1.6929615702313845,2022-03-01 19:06:43,2022-03-01,19:06:43
sol,1.5653150292520184,2022-03-01 19:06:43,2022-03-01,19:06:43
ada,1.5425208683397382,2022-03-01 19:06:43,2022-03-01,19:06:43
avax,1.068378936937507,2022-03-01 19:06:43,2022-03-01,19:06:43
btc,41.23857694624312,2022-03-01 19:16:45,2022-03-01,19:16:45
eth,17.566064828524905,2022-03-01 19:16:45,2022-03-01,19:16:45
usdt,3.943272210680361,2022-03-01 19:16:45,2022-03-01,19:16:45
bnb,3.403320406508107,2022-03-01 19:16:45,2022-03-01,19:16:45
usdc,2.65584830286466,2022-03-01 19:16:45,2022-03-01,19:16:45
xrp,1.8705166503976425,2022-03-01 19:16:45,2022-03-01,19:16:45
luna,1.699718572326329,2022-03-01 19:16:45,2022-03-01,19:16:45
sol,1.5649780472602188,2022-03-01 19:16:45,2022-03-01,19:16:45
ada,1.5394528251238158,2022-03-01 19:16:45,2022-03-01,19:16:45
avax,1.0650480794202868,2022-03-01 19:16:45,2022-03-01,19:16:45
btc,41.25140658299611,2022-03-01 19:36:50,2022-03-01,19:36:50
eth,17.59130627998585,2022-03-01 19:36:50,2022-03-01,19:36:50
usdt,3.937096577843325,2022-03-01 19:36:50,2022-03-01,19:36:50
bnb,3.4039188012461663,2022-03-01 19:36:50,2022-03-01,19:36:50
usdc,2.645219604048553,2022-03-01 19:36:50,2022-03-01,19:36:50
xrp,1.8660913024450363,2022-03-01 19:36:50,2022-03-01,19:36:50
luna,1.71573028864878,2022-03-01 19:36:50,2022-03-01,19:36:50
sol,1.5673830286478951,2022-03-01 19:36:50,2022-03-01,19:36:50
ada,1.5374238875239534,2022-03-01 19:36:50,2022-03-01,19:36:50
avax,1.0600472218038373,2022-03-01 19:36:50,2022-03-01,19:36:50
btc,41.25860197052275,2022-03-01 19:46:52,2022-03-01,19:46:52
eth,17.599904679178607,2022-03-01 19:46:52,2022-03-01,19:46:52
usdt,3.931321845106369,2022-03-01 19:46:52,2022-03-01,19:46:52
bnb,3.4005982740032192,2022-03-01 19:46:52,2022-03-01,19:46:52
usdc,2.6473301484995955,2022-03-01 19:46:52,2022-03-01,19:46:52
xrp,1.8625202112767871,2022-03-01 19:46:52,2022-03-01,19:46:52
luna,1.704375393093668,2022-03-01 19:46:52,2022-03-01,19:46:52
sol,1.5622322323614837,2022-03-01 19:46:52,2022-03-01,19:46:52
ada,1.536249919859013,2022-03-01 19:46:52,2022-03-01,19:46:52
avax,1.0598940207614511,2022-03-01 19:46:52,2022-03-01,19:46:52
btc,41.2573011076414,2022-03-01 19:56:54,2022-03-01,19:56:54
eth,17.596861976384254,2022-03-01 19:56:54,2022-03-01,19:56:54
usdt,3.9378009846790447,2022-03-01 19:56:54,2022-03-01,19:56:54
bnb,3.3992610064138065,2022-03-01 19:56:54,2022-03-01,19:56:54
usdc,2.6513917507863787,2022-03-01 19:56:54,2022-03-01,19:56:54
xrp,1.8612253241144008,2022-03-01 19:56:54,2022-03-01,19:56:54
luna,1.7079100856822425,2022-03-01 19:56:54,2022-03-01,19:56:54
sol,1.562861082034785,2022-03-01 19:56:54,2022-03-01,19:56:54
ada,1.535096572557015,2022-03-01 19:56:54,2022-03-01,19:56:54
avax,1.0605348110115551,2022-03-01 19:56:54,2022-03-01,19:56:54
btc,41.2738528181177,2022-03-01 20:06:57,2022-03-01,20:06:57
eth,17.5746660823407,2022-03-01 20:06:57,2022-03-01,20:06:57
usdt,3.94871471348781,2022-03-01 20:06:57,2022-03-01,20:06:57
bnb,3.402280662749513,2022-03-01 20:06:57,2022-03-01,20:06:57
usdc,2.663848656655492,2022-03-01 20:06:57,2022-03-01,20:06:57
xrp,1.8607765268204968,2022-03-01 20:06:57,2022-03-01,20:06:57
luna,1.6972544629073008,2022-03-01 20:06:57,2022-03-01,20:06:57
sol,1.5598918586973107,2022-03-01 20:06:57,2022-03-01,20:06:57
ada,1.5317667195854925,2022-03-01 20:06:57,2022-03-01,20:06:57
avax,1.0544295630075533,2022-03-01 20:06:57,2022-03-01,20:06:57
btc,41.28278658527015,2022-03-01 20:27:04,2022-03-01,20:27:04
eth,17.585079734933398,2022-03-01 20:27:04,2022-03-01,20:27:04
usdt,3.9392284618743374,2022-03-01 20:27:04,2022-03-01,20:27:04
bnb,3.3992382855402377,2022-03-01 20:27:04,2022-03-01,20:27:04
usdc,2.6537738475783934,2022-03-01 20:27:04,2022-03-01,20:27:04
xrp,1.8661202154423568,2022-03-01 20:27:04,2022-03-01,20:27:04
luna,1.703746776017972,2022-03-01 20:27:04,2022-03-01,20:27:04
sol,1.557683313329508,2022-03-01 20:27:04,2022-03-01,20:27:04
ada,1.5351157732678398,2022-03-01 20:27:04,2022-03-01,20:27:04
avax,1.054255796606793,2022-03-01 20:27:04,2022-03-01,20:27:04
btc,41.28139921526904,2022-03-01 20:37:06,2022-03-01,20:37:06
eth,17.5956462569362,2022-03-01 20:37:06,2022-03-01,20:37:06
usdt,3.940143529142184,2022-03-01 20:37:06,2022-03-01,20:37:06
bnb,3.397156067049837,2022-03-01 20:37:06,2022-03-01,20:37:06
usdc,2.654430482924045,2022-03-01 20:37:06,2022-03-01,20:37:06
xrp,1.8637906063395264,2022-03-01 20:37:06,2022-03-01,20:37:06
luna,1.703349815753293,2022-03-01 20:37:06,2022-03-01,20:37:06
sol,1.5578037767472834,2022-03-01 20:37:06,2022-03-01,20:37:06
ada,1.534639667110807,2022-03-01 20:37:06,2022-03-01,20:37:06
avax,1.054153306288913,2022-03-01 20:37:06,2022-03-01,20:37:06
btc,41.2953300413013,2022-03-01 20:47:08,2022-03-01,20:47:08
eth,17.593988939549995,2022-03-01 20:47:08,2022-03-01,20:47:08
usdt,3.9376626736989584,2022-03-01 20:47:08,2022-03-01,20:47:08
bnb,3.397034844724841,2022-03-01 20:47:08,2022-03-01,20:47:08
usdc,2.65417273644826,2022-03-01 20:47:08,2022-03-01,20:47:08
xrp,1.86149453916183,2022-03-01 20:47:08,2022-03-01,20:47:08
luna,1.7014957218055946,2022-03-01 20:47:08,2022-03-01,20:47:08
sol,1.5550289751792394,2022-03-01 20:47:08,2022-03-01,20:47:08
ada,1.5333173072754611,2022-03-01 20:47:08,2022-03-01,20:47:08
avax,1.054820780488109,2022-03-01 20:47:08,2022-03-01,20:47:08
btc,41.30391129035844,2022-03-01 21:07:14,2022-03-01,21:07:14
eth,17.622855864295747,2022-03-01 21:07:14,2022-03-01,21:07:14
usdt,3.935132420876359,2022-03-01 21:07:14,2022-03-01,21:07:14
bnb,3.3946714871445303,2022-03-01 21:07:14,2022-03-01,21:07:14
usdc,2.6469909201113384,2022-03-01 21:07:14,2022-03-01,21:07:14
xrp,1.860499624794004,2022-03-01 21:07:14,2022-03-01,21:07:14
luna,1.7051906940290764,2022-03-01 21:07:14,2022-03-01,21:07:14
sol,1.5610799002881042,2022-03-01 21:07:14,2022-03-01,21:07:14
ada,1.5321046464221602,2022-03-01 21:07:14,2022-03-01,21:07:14
avax,1.0587827839948276,2022-03-01 21:07:14,2022-03-01,21:07:14
btc,41.33450101929538,2022-03-01 21:17:16,2022-03-01,21:17:16
eth,17.602504618424696,2022-03-01 21:17:16,2022-03-01,21:17:16
usdt,3.925454046331102,2022-03-01 21:17:16,2022-03-01,21:17:16
bnb,3.3892413969791138,2022-03-01 21:17:16,2022-03-01,21:17:16
usdc,2.6414563969102685,2022-03-01 21:17:16,2022-03-01,21:17:16
xrp,1.8627725274907552,2022-03-01 21:17:16,2022-03-01,21:17:16
luna,1.6982905506607262,2022-03-01 21:17:16,2022-03-01,21:17:16
sol,1.567605164716842,2022-03-01 21:17:16,2022-03-01,21:17:16
ada,1.5351611720149956,2022-03-01 21:17:16,2022-03-01,21:17:16
avax,1.0592379231301374,2022-03-01 21:17:16,2022-03-01,21:17:16
btc,41.36330142948495,2022-03-01 21:27:19,2022-03-01,21:27:19
eth,17.57453651826194,2022-03-01 21:27:19,2022-03-01,21:27:19
usdt,3.929740563886328,2022-03-01 21:27:19,2022-03-01,21:27:19
bnb,3.3876887911994875,2022-03-01 21:27:19,2022-03-01,21:27:19
usdc,2.654415672295822,2022-03-01 21:27:19,2022-03-01,21:27:19
xrp,1.8637333438264505,2022-03-01 21:27:19,2022-03-01,21:27:19
luna,1.6913807716387004,2022-03-01 21:27:19,2022-03-01,21:27:19
sol,1.5584021496518934,2022-03-01 21:27:19,2022-03-01,21:27:19
ada,1.5327112475205211,2022-03-01 21:27:19,2022-03-01,21:27:19
avax,1.0553976134812926,2022-03-01 21:27:19,2022-03-01,21:27:19
btc,41.39117523424266,2022-03-01 21:37:21,2022-03-01,21:37:21
eth,17.57765934396706,2022-03-01 21:37:21,2022-03-01,21:37:21
usdt,3.9405651566216178,2022-03-01 21:37:21,2022-03-01,21:37:21
bnb,3.384854761486693,2022-03-01 21:37:21,2022-03-01,21:37:21
usdc,2.651744893324892,2022-03-01 21:37:21,2022-03-01,21:37:21
xrp,1.8621404417228136,2022-03-01 21:37:21,2022-03-01,21:37:21
luna,1.6785446114802705,2022-03-01 21:37:21,2022-03-01,21:37:21
sol,1.552097764546902,2022-03-01 21:37:21,2022-03-01,21:37:21
ada,1.5298151195692793,2022-03-01 21:37:21,2022-03-01,21:37:21
avax,1.0455718037612522,2022-03-01 21:37:21,2022-03-01,21:37:21
btc,41.40952802752116,2022-03-01 21:57:25,2022-03-01,21:57:25
eth,17.565940167071716,2022-03-01 21:57:25,2022-03-01,21:57:25
usdt,3.953232992718342,2022-03-01 21:57:25,2022-03-01,21:57:25
bnb,3.3810243533705853,2022-03-01 21:57:25,2022-03-01,21:57:25
usdc,2.663686311545616,2022-03-01 21:57:25,2022-03-01,21:57:25
xrp,1.8663221382293127,2022-03-01 21:57:25,2022-03-01,21:57:25
luna,1.6635942189086084,2022-03-01 21:57:25,2022-03-01,21:57:25
sol,1.549505727144438,2022-03-01 21:57:25,2022-03-01,21:57:25
ada,1.522787193207121,2022-03-01 21:57:25,2022-03-01,21:57:25
avax,1.0440186212097795,2022-03-01 21:57:25,2022-03-01,21:57:25
btc,41.37049148476075,2022-03-01 22:07:28,2022-03-01,22:07:28
eth,17.582442018642492,2022-03-01 22:07:28,2022-03-01,22:07:28
usdt,3.952089968605152,2022-03-01 22:07:28,2022-03-01,22:07:28
bnb,3.3888945320693247,2022-03-01 22:07:28,2022-03-01,22:07:28
usdc,2.66361325452493,2022-03-01 22:07:28,2022-03-01,22:07:28
xrp,1.866601974788864,2022-03-01 22:07:28,2022-03-01,22:07:28
luna,1.664897473080825,2022-03-01 22:07:28,2022-03-01,22:07:28
sol,1.5532034431208344,2022-03-01 22:07:28,2022-03-01,22:07:28
ada,1.5258764018001705,2022-03-01 22:07:28,2022-03-01,22:07:28
avax,1.0454294619782822,2022-03-01 22:07:28,2022-03-01,22:07:28
btc,41.37157000997223,2022-03-01 22:17:30,2022-03-01,22:17:30
eth,17.58671393154637,2022-03-01 22:17:30,2022-03-01,22:17:30
usdt,3.95071440567346,2022-03-01 22:17:30,2022-03-01,22:17:30
bnb,3.3895229052355806,2022-03-01 22:17:30,2022-03-01,22:17:30
usdc,2.663911215918819,2022-03-01 22:17:30,2022-03-01,22:17:30
xrp,1.866114513308292,2022-03-01 22:17:30,2022-03-01,22:17:30
luna,1.6633261109660034,2022-03-01 22:17:30,2022-03-01,22:17:30
sol,1.5500773992576142,2022-03-01 22:17:30,2022-03-01,22:17:30
ada,1.5269701096675603,2022-03-01 22:17:30,2022-03-01,22:17:30
avax,1.049854646270536,2022-03-01 22:17:30,2022-03-01,22:17:30
btc,41.35869518308557,2022-03-01 22:37:38,2022-03-01,22:37:38
eth,17.571259042315393,2022-03-01 22:37:38,2022-03-01,22:37:38
usdt,3.9437662639877793,2022-03-01 22:37:38,2022-03-01,22:37:38
bnb,3.391308426644991,2022-03-01 22:37:38,2022-03-01,22:37:38
usdc,2.6573928511074807,2022-03-01 22:37:38,2022-03-01,22:37:38
xrp,1.8688452681504537,2022-03-01 22:37:38,2022-03-01,22:37:38
luna,1.6790967386171265,2022-03-01 22:37:38,2022-03-01,22:37:38
sol,1.5574395241253751,2022-03-01 22:37:38,2022-03-01,22:37:38
ada,1.530435355630001,2022-03-01 22:37:38,2022-03-01,22:37:38
avax,1.054695992521144,2022-03-01 22:37:38,2022-03-01,22:37:38
btc,41.34903385753013,2022-03-01 22:47:40,2022-03-01,22:47:40
eth,17.57187868263052,2022-03-01 22:47:40,2022-03-01,22:47:40
usdt,3.9402703965073305,2022-03-01 22:47:40,2022-03-01,22:47:40
bnb,3.392990513138035,2022-03-01 22:47:40,2022-03-01,22:47:40
usdc,2.652667274947313,2022-03-01 22:47:40,2022-03-01,22:47:40
xrp,1.86749537481251,2022-03-01 22:47:40,2022-03-01,22:47:40
luna,1.6824316306290503,2022-03-01 22:47:40,2022-03-01,22:47:40
sol,1.5573599796822668,2022-03-01 22:47:40,2022-03-01,22:47:40
ada,1.5326140437648543,2022-03-01 22:47:40,2022-03-01,22:47:40
avax,1.0536562897287185,2022-03-01 22:47:40,2022-03-01,22:47:40
btc,41.383650272378354,2022-03-01 22:57:44,2022-03-01,22:57:44
eth,17.569076670035567,2022-03-01 22:57:44,2022-03-01,22:57:44
usdt,3.93474007790024,2022-03-01 22:57:44,2022-03-01,22:57:44
bnb,3.3922271499929426,2022-03-01 22:57:44,2022-03-01,22:57:44
usdc,2.6474781189239183,2022-03-01 22:57:44,2022-03-01,22:57:44
xrp,1.8667361243078864,2022-03-01 22:57:44,2022-03-01,22:57:44
luna,1.672537572025108,2022-03-01 22:57:44,2022-03-01,22:57:44
sol,1.5535238976268582,2022-03-01 22:57:44,2022-03-01,22:57:44
ada,1.532298899899357,2022-03-01 22:57:44,2022-03-01,22:57:44
avax,1.050669212560169,2022-03-01 22:57:44,2022-03-01,22:57:44
btc,41.40346958207,2022-03-01 23:17:52,2022-03-01,23:17:52
eth,17.58585156551803,2022-03-01 23:17:52,2022-03-01,23:17:52
usdt,3.927779404289277,2022-03-01 23:17:52,2022-03-01,23:17:52
bnb,3.388398029020337,2022-03-01 23:17:52,2022-03-01,23:17:52
usdc,2.642547811757068,2022-03-01 23:17:52,2022-03-01,23:17:52
xrp,1.864629371528857,2022-03-01 23:17:52,2022-03-01,23:17:52
luna,1.6722639267348929,2022-03-01 23:17:52,2022-03-01,23:17:52
sol,1.5535510650757978,2022-03-01 23:17:52,2022-03-01,23:17:52
ada,1.525682710606619,2022-03-01 23:17:52,2022-03-01,23:17:52
avax,1.051192768671665,2022-03-01 23:17:52,2022-03-01,23:17:52
btc,41.43866043166882,2022-03-01 23:27:55,2022-03-01,23:27:55
eth,17.56937101353918,2022-03-01 23:27:55,2022-03-01,23:27:55
usdt,3.929755799455258,2022-03-01 23:27:55,2022-03-01,23:27:55
bnb,3.381995906208047,2022-03-01 23:27:55,2022-03-01,23:27:55
usdc,2.646229288521411,2022-03-01 23:27:55,2022-03-01,23:27:55
xrp,1.859698653965544,2022-03-01 23:27:55,2022-03-01,23:27:55
luna,1.6686782716807833,2022-03-01 23:27:55,2022-03-01,23:27:55
sol,1.5521921604036857,2022-03-01 23:27:55,2022-03-01,23:27:55
ada,1.5228827625674306,2022-03-01 23:27:55,2022-03-01,23:27:55
avax,1.0531574351655968,2022-03-01 23:27:55,2022-03-01,23:27:55
btc,41.43859634480026,2022-03-01 23:38:00,2022-03-01,23:38:00
eth,17.542275923342416,2022-03-01 23:38:00,2022-03-01,23:38:00
usdt,3.9307930644869407,2022-03-01 23:38:00,2022-03-01,23:38:00
bnb,3.3831802118237246,2022-03-01 23:38:00,2022-03-01,23:38:00
usdc,2.646770512542562,2022-03-01 23:38:00,2022-03-01,23:38:00
xrp,1.8626140916931893,2022-03-01 23:38:00,2022-03-01,23:38:00
luna,1.6717499417455304,2022-03-01 23:38:00,2022-03-01,23:38:00
sol,1.5549273066835791,2022-03-01 23:38:00,2022-03-01,23:38:00
ada,1.5256125690839863,2022-03-01 23:38:00,2022-03-01,23:38:00
avax,1.0527284889322994,2022-03-01 23:38:00,2022-03-01,23:38:00
btc,41.44371061084325,2022-03-01 23:48:03,2022-03-01,23:48:03
eth,17.544345519792504,2022-03-01 23:48:03,2022-03-01,23:48:03
usdt,3.9296190142336047,2022-03-01 23:48:03,2022-03-01,23:48:03
bnb,3.385362586387534,2022-03-01 23:48:03,2022-03-01,23:48:03
usdc,2.644659447892337,2022-03-01 23:48:03,2022-03-01,23:48:03
xrp,1.8627266525569508,2022-03-01 23:48:03,2022-03-01,23:48:03
luna,1.664681808270748,2022-03-01 23:48:03,2022-03-01,23:48:03
sol,1.5535736978178023,2022-03-01 23:48:03,2022-03-01,23:48:03
ada,1.5245472140133798,2022-03-01 23:48:03,2022-03-01,23:48:03
avax,1.052292725276978,2022-03-01 23:48:03,2022-03-01,23:48:03
btc,41.501282562457455,2022-03-02 00:08:11,2022-03-02,00:08:11
eth,17.55665526055582,2022-03-02 00:08:11,2022-03-02,00:08:11
usdt,3.9153116149490312,2022-03-02 00:08:11,2022-03-02,00:08:11
bnb,3.3820948552858847,2022-03-02 00:08:11,2022-03-02,00:08:11
usdc,2.6351883978899493,2022-03-02 00:08:11,2022-03-02,00:08:11
xrp,1.85378952465358,2022-03-02 00:08:11,2022-03-02,00:08:11
luna,1.6552497816701297,2022-03-02 00:08:11,2022-03-02,00:08:11
sol,1.5566881517104163,2022-03-02 00:08:11,2022-03-02,00:08:11
ada,1.520099389633198,2022-03-02 00:08:11,2022-03-02,00:08:11
avax,1.052419819548549,2022-03-02 00:08:11,2022-03-02,00:08:11
btc,41.508960187763336,2022-03-02 00:18:14,2022-03-02,00:18:14
eth,17.559903194412133,2022-03-02 00:18:14,2022-03-02,00:18:14
usdt,3.916035937034502,2022-03-02 00:18:14,2022-03-02,00:18:14
bnb,3.382720533709407,2022-03-02 00:18:14,2022-03-02,00:18:14
usdc,2.6356759006339656,2022-03-02 00:18:14,2022-03-02,00:18:14
xrp,1.854132470714219,2022-03-02 00:18:14,2022-03-02,00:18:14
luna,1.655555998413966,2022-03-02 00:18:14,2022-03-02,00:18:14
sol,1.5569761348186242,2022-03-02 00:18:14,2022-03-02,00:18:14
ada,1.5203806039191357,2022-03-02 00:18:14,2022-03-02,00:18:14
avax,1.0526145143757948,2022-03-02 00:18:14,2022-03-02,00:18:14
btc,41.508960187763336,2022-03-02 00:28:17,2022-03-02,00:28:17
eth,17.559903194412133,2022-03-02 00:28:17,2022-03-02,00:28:17
usdt,3.916035937034502,2022-03-02 00:28:17,2022-03-02,00:28:17
bnb,3.382720533709407,2022-03-02 00:28:17,2022-03-02,00:28:17
usdc,2.6356759006339656,2022-03-02 00:28:17,2022-03-02,00:28:17
xrp,1.854132470714219,2022-03-02 00:28:17,2022-03-02,00:28:17
luna,1.655555998413966,2022-03-02 00:28:17,2022-03-02,00:28:17
sol,1.5569761348186242,2022-03-02 00:28:17,2022-03-02,00:28:17
ada,1.5203806039191357,2022-03-02 00:28:17,2022-03-02,00:28:17
avax,1.0526145143757948,2022-03-02 00:28:17,2022-03-02,00:28:17
btc,41.64410967969685,2022-03-02 00:48:22,2022-03-02,00:48:22
eth,17.48675584453898,2022-03-02 00:48:22,2022-03-02,00:48:22
usdt,3.930433807943444,2022-03-02 00:48:22,2022-03-02,00:48:22
bnb,3.3894497779457127,2022-03-02 00:48:22,2022-03-02,00:48:22
usdc,2.6584331208376835,2022-03-02 00:48:22,2022-03-02,00:48:22
xrp,1.841134242023524,2022-03-02 00:48:22,2022-03-02,00:48:22
luna,1.6502024446931527,2022-03-02 00:48:22,2022-03-02,00:48:22
sol,1.549127827449493,2022-03-02 00:48:22,2022-03-02,00:48:22
ada,1.505890685310406,2022-03-02 00:48:22,2022-03-02,00:48:22
avax,1.043423599755111,2022-03-02 00:48:22,2022-03-02,00:48:22
btc,41.573086203667714,2022-03-02 00:58:25,2022-03-02,00:58:25
eth,17.462928979450638,2022-03-02 00:58:25,2022-03-02,00:58:25
usdt,3.941017313935492,2022-03-02 00:58:25,2022-03-02,00:58:25
bnb,3.3938816819559827,2022-03-02 00:58:25,2022-03-02,00:58:25
usdc,2.658812011133986,2022-03-02 00:58:25,2022-03-02,00:58:25
xrp,1.8430750565074987,2022-03-02 00:58:25,2022-03-02,00:58:25
luna,1.680632380713425,2022-03-02 00:58:25,2022-03-02,00:58:25
sol,1.5724298917597868,2022-03-02 00:58:25,2022-03-02,00:58:25
ada,1.5132947496354832,2022-03-02 00:58:25,2022-03-02,00:58:25
avax,1.0438196455371056,2022-03-02 00:58:25,2022-03-02,00:58:25
btc,41.57103764100546,2022-03-02 01:08:28,2022-03-02,01:08:28
eth,17.45586850118555,2022-03-02 01:08:28,2022-03-02,01:08:28
usdt,3.93846862973818,2022-03-02 01:08:28,2022-03-02,01:08:28
bnb,3.402209731727076,2022-03-02 01:08:28,2022-03-02,01:08:28
usdc,2.658679173266918,2022-03-02 01:08:28,2022-03-02,01:08:28
xrp,1.8407504768981748,2022-03-02 01:08:28,2022-03-02,01:08:28
luna,1.6805484140321232,2022-03-02 01:08:28,2022-03-02,01:08:28
sol,1.572351331022111,2022-03-02 01:08:28,2022-03-02,01:08:28
ada,1.5179842540988868,2022-03-02 01:08:28,2022-03-02,01:08:28
avax,1.0437674948868392,2022-03-02 01:08:28,2022-03-02,01:08:28
btc,41.541211096474285,2022-03-02 01:18:31,2022-03-02,01:18:31
eth,17.46872628932484,2022-03-02 01:18:31,2022-03-02,01:18:31
usdt,3.926335849803613,2022-03-02 01:18:31,2022-03-02,01:18:31
bnb,3.403781103092637,2022-03-02 01:18:31,2022-03-02,01:18:31
usdc,2.6426769576732174,2022-03-02 01:18:31,2022-03-02,01:18:31
xrp,1.8411339904108843,2022-03-02 01:18:31,2022-03-02,01:18:31
luna,1.7015173588891042,2022-03-02 01:18:31,2022-03-02,01:18:31
sol,1.5714916937693428,2022-03-02 01:18:31,2022-03-02,01:18:31
ada,1.5193568067709442,2022-03-02 01:18:31,2022-03-02,01:18:31
avax,1.0537573938338662,2022-03-02 01:18:31,2022-03-02,01:18:31
btc,41.54445397036071,2022-03-02 01:38:37,2022-03-02,01:38:37
eth,17.44611655944512,2022-03-02 01:38:37,2022-03-02,01:38:37
usdt,3.9417854300557824,2022-03-02 01:38:37,2022-03-02,01:38:37
bnb,3.4104905160109604,2022-03-02 01:38:37,2022-03-02,01:38:37
usdc,2.6612859356347096,2022-03-02 01:38:37,2022-03-02,01:38:37
xrp,1.8366896085285256,2022-03-02 01:38:37,2022-03-02,01:38:37
luna,1.7067661604050273,2022-03-02 01:38:37,2022-03-02,01:38:37
sol,1.5565324743244906,2022-03-02 01:38:37,2022-03-02,01:38:37
ada,1.5172462859857132,2022-03-02 01:38:37,2022-03-02,01:38:37
avax,1.0498676237480142,2022-03-02 01:38:37,2022-03-02,01:38:37
btc,41.50057742020722,2022-03-02 01:48:40,2022-03-02,01:48:40
eth,17.439894241514708,2022-03-02 01:48:40,2022-03-02,01:48:40
usdt,3.954396163282573,2022-03-02 01:48:40,2022-03-02,01:48:40
bnb,3.41017670430723,2022-03-02 01:48:40,2022-03-02,01:48:40
usdc,2.657846500403887,2022-03-02 01:48:40,2022-03-02,01:48:40
xrp,1.8443929678525688,2022-03-02 01:48:40,2022-03-02,01:48:40
luna,1.718548843320792,2022-03-02 01:48:40,2022-03-02,01:48:40
sol,1.5596146974332274,2022-03-02 01:48:40,2022-03-02,01:48:40
ada,1.519018629261016,2022-03-02 01:48:40,2022-03-02,01:48:40
avax,1.0508550388160924,2022-03-02 01:48:40,2022-03-02,01:48:40
btc,41.48576530218734,2022-03-02 01:58:42,2022-03-02,01:58:42
eth,17.456996979554933,2022-03-02 01:58:42,2022-03-02,01:58:42
usdt,3.952707409028223,2022-03-02 01:58:42,2022-03-02,01:58:42
bnb,3.410261094657711,2022-03-02 01:58:42,2022-03-02,01:58:42
usdc,2.661482895830344,2022-03-02 01:58:42,2022-03-02,01:58:42
xrp,1.843804514301705,2022-03-02 01:58:42,2022-03-02,01:58:42
luna,1.7173485552416767,2022-03-02 01:58:42,2022-03-02,01:58:42
sol,1.5574310929446675,2022-03-02 01:58:42,2022-03-02,01:58:42
ada,1.5182463755327769,2022-03-02 01:58:42,2022-03-02,01:58:42
avax,1.0502482524099188,2022-03-02 01:58:42,2022-03-02,01:58:42
btc,41.49304297710123,2022-03-02 02:18:46,2022-03-02,02:18:46
eth,17.44836850078356,2022-03-02 02:18:46,2022-03-02,02:18:46
usdt,3.950833750458479,2022-03-02 02:18:46,2022-03-02,02:18:46
bnb,3.4190777552478355,2022-03-02 02:18:46,2022-03-02,02:18:46
usdc,2.6587022544180914,2022-03-02 02:18:46,2022-03-02,02:18:46
xrp,1.843226068384316,2022-03-02 02:18:46,2022-03-02,02:18:46
luna,1.7120301440862056,2022-03-02 02:18:46,2022-03-02,02:18:46
sol,1.56436472254083,2022-03-02 02:18:46,2022-03-02,02:18:46
ada,1.5159056817016492,2022-03-02 02:18:46,2022-03-02,02:18:46
avax,1.0495341116939323,2022-03-02 02:18:46,2022-03-02,02:18:46
btc,41.50681637142131,2022-03-02 02:28:48,2022-03-02,02:28:48
eth,17.43565626873849,2022-03-02 02:28:48,2022-03-02,02:28:48
usdt,3.9474612363575927,2022-03-02 02:28:48,2022-03-02,02:28:48
bnb,3.425454689719748,2022-03-02 02:28:48,2022-03-02,02:28:48
usdc,2.6613907584854624,2022-03-02 02:28:48,2022-03-02,02:28:48
xrp,1.8430447903237983,2022-03-02 02:28:48,2022-03-02,02:28:48
luna,1.7086994442858616,2022-03-02 02:28:48,2022-03-02,02:28:48
sol,1.563069547735303,2022-03-02 02:28:48,2022-03-02,02:28:48
ada,1.5134802372981622,2022-03-02 02:28:48,2022-03-02,02:28:48
avax,1.0482555212433515,2022-03-02 02:28:48,2022-03-02,02:28:48
btc,41.50403977147025,2022-03-02 02:38:50,2022-03-02,02:38:50
eth,17.410173680679804,2022-03-02 02:38:50,2022-03-02,02:38:50
usdt,3.9511575933727534,2022-03-02 02:38:50,2022-03-02,02:38:50
bnb,3.4237609588767484,2022-03-02 02:38:50,2022-03-02,02:38:50
usdc,2.662701853206646,2022-03-02 02:38:50,2022-03-02,02:38:50
xrp,1.8402534983480283,2022-03-02 02:38:50,2022-03-02,02:38:50
luna,1.7150784450658163,2022-03-02 02:38:50,2022-03-02,02:38:50
sol,1.568244083282874,2022-03-02 02:38:50,2022-03-02,02:38:50
ada,1.513631752855394,2022-03-02 02:38:50,2022-03-02,02:38:50
avax,1.051069746915002,2022-03-02 02:38:50,2022-03-02,02:38:50
btc,41.51335124538994,2022-03-02 02:58:55,2022-03-02,02:58:55
eth,17.412210685754214,2022-03-02 02:58:55,2022-03-02,02:58:55
usdt,3.9415814459899,2022-03-02 02:58:55,2022-03-02,02:58:55
bnb,3.425834922460856,2022-03-02 02:58:55,2022-03-02,02:58:55
usdc,2.6559725768347,2022-03-02 02:58:55,2022-03-02,02:58:55
xrp,1.82813574314023,2022-03-02 02:58:55,2022-03-02,02:58:55
luna,1.7091307004116616,2022-03-02 02:58:55,2022-03-02,02:58:55
sol,1.570029756841102,2022-03-02 02:58:55,2022-03-02,02:58:55
ada,1.5194938575478691,2022-03-02 02:58:55,2022-03-02,02:58:55
avax,1.0536419545858022,2022-03-02 02:58:55,2022-03-02,02:58:55
btc,41.51948454183695,2022-03-02 03:08:58,2022-03-02,03:08:58
eth,17.431873815329606,2022-03-02 03:08:58,2022-03-02,03:08:58
usdt,3.945989648878582,2022-03-02 03:08:58,2022-03-02,03:08:58
bnb,3.4223344637916355,2022-03-02 03:08:58,2022-03-02,03:08:58
usdc,2.6510565416441403,2022-03-02 03:08:58,2022-03-02,03:08:58
xrp,1.827713723169755,2022-03-02 03:08:58,2022-03-02,03:08:58
luna,1.7159099904150126,2022-03-02 03:08:58,2022-03-02,03:08:58
sol,1.57137556745217,2022-03-02 03:08:58,2022-03-02,03:08:58
ada,1.51797202541842,2022-03-02 03:08:58,2022-03-02,03:08:58
avax,1.052319176588063,2022-03-02 03:08:58,2022-03-02,03:08:58
btc,41.511069864371024,2022-03-02 03:19:02,2022-03-02,03:19:02
eth,17.45585770589667,2022-03-02 03:19:02,2022-03-02,03:19:02
usdt,3.933195802233803,2022-03-02 03:19:02,2022-03-02,03:19:02
bnb,3.4191307824825525,2022-03-02 03:19:02,2022-03-02,03:19:02
usdc,2.646431272608936,2022-03-02 03:19:02,2022-03-02,03:19:02
xrp,1.829347673512452,2022-03-02 03:19:02,2022-03-02,03:19:02
luna,1.7252427936613584,2022-03-02 03:19:02,2022-03-02,03:19:02
sol,1.5720592533630766,2022-03-02 03:19:02,2022-03-02,03:19:02
ada,1.513686095621266,2022-03-02 03:19:02,2022-03-02,03:19:02
avax,1.053011670174918,2022-03-02 03:19:02,2022-03-02,03:19:02
btc,41.486465280489725,2022-03-02 03:29:05,2022-03-02,03:29:05
eth,17.45638007774648,2022-03-02 03:29:05,2022-03-02,03:29:05
usdt,3.926115262414507,2022-03-02 03:29:05,2022-03-02,03:29:05
bnb,3.412598634566847,2022-03-02 03:29:05,2022-03-02,03:29:05
usdc,2.6455700575705587,2022-03-02 03:29:05,2022-03-02,03:29:05
xrp,1.8317920914023764,2022-03-02 03:29:05,2022-03-02,03:29:05
luna,1.7428975580538328,2022-03-02 03:29:05,2022-03-02,03:29:05
sol,1.5854679604815274,2022-03-02 03:29:05,2022-03-02,03:29:05
ada,1.5145458732533958,2022-03-02 03:29:05,2022-03-02,03:29:05
avax,1.0552394221168897,2022-03-02 03:29:05,2022-03-02,03:29:05
btc,41.395687390052736,2022-03-02 03:49:12,2022-03-02,03:49:12
eth,17.50038348711847,2022-03-02 03:49:12,2022-03-02,03:49:12
usdt,3.925265035127294,2022-03-02 03:49:12,2022-03-02,03:49:12
bnb,3.405188503698886,2022-03-02 03:49:12,2022-03-02,03:49:12
usdc,2.644442098496127,2022-03-02 03:49:12,2022-03-02,03:49:12
xrp,1.8315487610956405,2022-03-02 03:49:12,2022-03-02,03:49:12
luna,1.7390622321660745,2022-03-02 03:49:12,2022-03-02,03:49:12
sol,1.6272951625753158,2022-03-02 03:49:12,2022-03-02,03:49:12
ada,1.5126158658107232,2022-03-02 03:49:12,2022-03-02,03:49:12
avax,1.06098103693214,2022-03-02 03:49:12,2022-03-02,03:49:12
btc,41.33110137154307,2022-03-02 03:59:14,2022-03-02,03:59:14
eth,17.619098903590174,2022-03-02 03:59:14,2022-03-02,03:59:14
usdt,3.899638717853008,2022-03-02 03:59:14,2022-03-02,03:59:14
bnb,3.402269367964,2022-03-02 03:59:14,2022-03-02,03:59:14
usdc,2.6246289192362773,2022-03-02 03:59:14,2022-03-02,03:59:14
xrp,1.828463651165448,2022-03-02 03:59:14,2022-03-02,03:59:14
luna,1.7199407219738183,2022-03-02 03:59:14,2022-03-02,03:59:14
sol,1.6419412514221576,2022-03-02 03:59:14,2022-03-02,03:59:14
ada,1.5203094155630037,2022-03-02 03:59:14,2022-03-02,03:59:14
avax,1.075194822848479,2022-03-02 03:59:14,2022-03-02,03:59:14
btc,41.25868894489639,2022-03-02 04:09:16,2022-03-02,04:09:16
eth,17.70010156385316,2022-03-02 04:09:16,2022-03-02,04:09:16
usdt,3.890855934646665,2022-03-02 04:09:16,2022-03-02,04:09:16
bnb,3.400384610932007,2022-03-02 04:09:16,2022-03-02,04:09:16
usdc,2.6273530214030822,2022-03-02 04:09:16,2022-03-02,04:09:16
xrp,1.8289451634376164,2022-03-02 04:09:16,2022-03-02,04:09:16
luna,1.72318466369628,2022-03-02 04:09:16,2022-03-02,04:09:16
sol,1.6355434767830592,2022-03-02 04:09:16,2022-03-02,04:09:16
ada,1.521518310877206,2022-03-02 04:09:16,2022-03-02,04:09:16
avax,1.0738037663989504,2022-03-02 04:09:16,2022-03-02,04:09:16
btc,41.20797964378535,2022-03-02 04:29:23,2022-03-02,04:29:23
eth,17.72068090566769,2022-03-02 04:29:23,2022-03-02,04:29:23
usdt,3.887628151919658,2022-03-02 04:29:23,2022-03-02,04:29:23
bnb,3.406884178733028,2022-03-02 04:29:23,2022-03-02,04:29:23
usdc,2.6278152057461304,2022-03-02 04:29:23,2022-03-02,04:29:23
xrp,1.8290907908855565,2022-03-02 04:29:23,2022-03-02,04:29:23
luna,1.75341865070642,2022-03-02 04:29:23,2022-03-02,04:29:23
sol,1.638339180146252,2022-03-02 04:29:23,2022-03-02,04:29:23
ada,1.5250045007725417,2022-03-02 04:29:23,2022-03-02,04:29:23
avax,1.0680083310493698,2022-03-02 04:29:23,2022-03-02,04:29:23
btc,41.244667781035766,2022-03-02 04:39:25,2022-03-02,04:39:25
eth,17.708846861735168,2022-03-02 04:39:25,2022-03-02,04:39:25
usdt,3.886655389563392,2022-03-02 04:39:25,2022-03-02,04:39:25
bnb,3.404377801814137,2022-03-02 04:39:25,2022-03-02,04:39:25
usdc,2.623344893110366,2022-03-02 04:39:25,2022-03-02,04:39:25
xrp,1.826930303555846,2022-03-02 04:39:25,2022-03-02,04:39:25
luna,1.7524378782781809,2022-03-02 04:39:25,2022-03-02,04:39:25
sol,1.630339538469723,2022-03-02 04:39:25,2022-03-02,04:39:25
ada,1.5236057721370275,2022-03-02 04:39:25,2022-03-02,04:39:25
avax,1.0648624871073686,2022-03-02 04:39:25,2022-03-02,04:39:25
btc,41.23005617073133,2022-03-02 04:49:27,2022-03-02,04:49:27
eth,17.708591204692777,2022-03-02 04:49:27,2022-03-02,04:49:27
usdt,3.885405099505299,2022-03-02 04:49:27,2022-03-02,04:49:27
bnb,3.404785720079938,2022-03-02 04:49:27,2022-03-02,04:49:27
usdc,2.6211876281033346,2022-03-02 04:49:27,2022-03-02,04:49:27
xrp,1.825568058480138,2022-03-02 04:49:27,2022-03-02,04:49:27
luna,1.7498712780413863,2022-03-02 04:49:27,2022-03-02,04:49:27
sol,1.6367590491075918,2022-03-02 04:49:27,2022-03-02,04:49:27
ada,1.5240578855760831,2022-03-02 04:49:27,2022-03-02,04:49:27
avax,1.0660028012739071,2022-03-02 04:49:27,2022-03-02,04:49:27
btc,41.28489876412553,2022-03-02 05:09:32,2022-03-02,05:09:32
eth,17.668435646115203,2022-03-02 05:09:32,2022-03-02,05:09:32
usdt,3.9029764676926746,2022-03-02 05:09:32,2022-03-02,05:09:32
bnb,3.406077734915559,2022-03-02 05:09:32,2022-03-02,05:09:32
usdc,2.631809298253362,2022-03-02 05:09:32,2022-03-02,05:09:32
xrp,1.82553087286756,2022-03-02 05:09:32,2022-03-02,05:09:32
luna,1.7237608218604938,2022-03-02 05:09:32,2022-03-02,05:09:32
sol,1.6378178121242326,2022-03-02 05:09:32,2022-03-02,05:09:32
ada,1.5197580174318948,2022-03-02 05:09:32,2022-03-02,05:09:32
avax,1.0621438022536391,2022-03-02 05:09:32,2022-03-02,05:09:32
btc,41.28489876412553,2022-03-02 05:19:35,2022-03-02,05:19:35
eth,17.668435646115203,2022-03-02 05:19:35,2022-03-02,05:19:35
usdt,3.9029764676926746,2022-03-02 05:19:35,2022-03-02,05:19:35
bnb,3.406077734915559,2022-03-02 05:19:35,2022-03-02,05:19:35
usdc,2.631809298253362,2022-03-02 05:19:35,2022-03-02,05:19:35
xrp,1.82553087286756,2022-03-02 05:19:35,2022-03-02,05:19:35
luna,1.7237608218604938,2022-03-02 05:19:35,2022-03-02,05:19:35
sol,1.6378178121242326,2022-03-02 05:19:35,2022-03-02,05:19:35
ada,1.5197580174318948,2022-03-02 05:19:35,2022-03-02,05:19:35
avax,1.0621438022536391,2022-03-02 05:19:35,2022-03-02,05:19:35
btc,41.299072271835655,2022-03-02 05:29:40,2022-03-02,05:29:40
eth,17.676173739865007,2022-03-02 05:29:40,2022-03-02,05:29:40
usdt,3.903382937696658,2022-03-02 05:29:40,2022-03-02,05:29:40
bnb,3.401987700017889,2022-03-02 05:29:40,2022-03-02,05:29:40
usdc,2.637841342899132,2022-03-02 05:29:40,2022-03-02,05:29:40
xrp,1.8230347346353493,2022-03-02 05:29:40,2022-03-02,05:29:40
luna,1.7034820149162342,2022-03-02 05:29:40,2022-03-02,05:29:40
sol,1.6298398657881894,2022-03-02 05:29:40,2022-03-02,05:29:40
ada,1.5184634595740094,2022-03-02 05:29:40,2022-03-02,05:29:40
avax,1.0595993320073076,2022-03-02 05:29:40,2022-03-02,05:29:40
btc,41.30446174016272,2022-03-02 05:39:42,2022-03-02,05:39:42
eth,17.662678912906433,2022-03-02 05:39:42,2022-03-02,05:39:42
usdt,3.9033480056888266,2022-03-02 05:39:42,2022-03-02,05:39:42
bnb,3.401044407231837,2022-03-02 05:39:42,2022-03-02,05:39:42
usdc,2.635015194916296,2022-03-02 05:39:42,2022-03-02,05:39:42
xrp,1.822978577124169,2022-03-02 05:39:42,2022-03-02,05:39:42
luna,1.7079922020344251,2022-03-02 05:39:42,2022-03-02,05:39:42
sol,1.6307825598497263,2022-03-02 05:39:42,2022-03-02,05:39:42
ada,1.5180889939915387,2022-03-02 05:39:42,2022-03-02,05:39:42
avax,1.0632674246496263,2022-03-02 05:39:42,2022-03-02,05:39:42
btc,41.27453882207282,2022-03-02 05:59:47,2022-03-02,05:59:47
eth,17.659986191272683,2022-03-02 05:59:47,2022-03-02,05:59:47
usdt,3.9107760913222487,2022-03-02 05:59:47,2022-03-02,05:59:47
bnb,3.4048762049971213,2022-03-02 05:59:47,2022-03-02,05:59:47
usdc,2.635165867428981,2022-03-02 05:59:47,2022-03-02,05:59:47
xrp,1.826877639227616,2022-03-02 05:59:47,2022-03-02,05:59:47
luna,1.7163437207187122,2022-03-02 05:59:47,2022-03-02,05:59:47
sol,1.6333338872618528,2022-03-02 05:59:47,2022-03-02,05:59:47
ada,1.5183179975294776,2022-03-02 05:59:47,2022-03-02,05:59:47
avax,1.0665808667687964,2022-03-02 05:59:47,2022-03-02,05:59:47
btc,41.26937334319076,2022-03-02 06:09:51,2022-03-02,06:09:51
eth,17.672561690962784,2022-03-02 06:09:51,2022-03-02,06:09:51
usdt,3.906915507336705,2022-03-02 06:09:51,2022-03-02,06:09:51
bnb,3.406675718221293,2022-03-02 06:09:51,2022-03-02,06:09:51
usdc,2.634795743485189,2022-03-02 06:09:51,2022-03-02,06:09:51
xrp,1.8264750177383489,2022-03-02 06:09:51,2022-03-02,06:09:51
luna,1.713267243416541,2022-03-02 06:09:51,2022-03-02,06:09:51
sol,1.6323929571316331,2022-03-02 06:09:51,2022-03-02,06:09:51
ada,1.5186450297514258,2022-03-02 06:09:51,2022-03-02,06:09:51
avax,1.06478816156987,2022-03-02 06:09:51,2022-03-02,06:09:51
btc,41.28008603274604,2022-03-02 06:19:54,2022-03-02,06:19:54
eth,17.65677717782742,2022-03-02 06:19:54,2022-03-02,06:19:54
usdt,3.9078751247638746,2022-03-02 06:19:54,2022-03-02,06:19:54
bnb,3.4142735489269667,2022-03-02 06:19:54,2022-03-02,06:19:54
usdc,2.637264803010924,2022-03-02 06:19:54,2022-03-02,06:19:54
xrp,1.826787163985246,2022-03-02 06:19:54,2022-03-02,06:19:54
luna,1.7117603362519085,2022-03-02 06:19:54,2022-03-02,06:19:54
sol,1.62847814846748,2022-03-02 06:19:54,2022-03-02,06:19:54
ada,1.5181312219485064,2022-03-02 06:19:54,2022-03-02,06:19:54
avax,1.064044005667592,2022-03-02 06:19:54,2022-03-02,06:19:54
btc,41.30248259644528,2022-03-02 06:39:59,2022-03-02,06:39:59
eth,17.631247615314642,2022-03-02 06:39:59,2022-03-02,06:39:59
usdt,3.9180717651598704,2022-03-02 06:39:59,2022-03-02,06:39:59
bnb,3.421696948439955,2022-03-02 06:39:59,2022-03-02,06:39:59
usdc,2.6412076782613703,2022-03-02 06:39:59,2022-03-02,06:39:59
xrp,1.8241864025385583,2022-03-02 06:39:59,2022-03-02,06:39:59
luna,1.718548743896252,2022-03-02 06:39:59,2022-03-02,06:39:59
sol,1.6248566582389057,2022-03-02 06:39:59,2022-03-02,06:39:59
ada,1.515872491326243,2022-03-02 06:39:59,2022-03-02,06:39:59
avax,1.060617060293511,2022-03-02 06:39:59,2022-03-02,06:39:59
btc,41.31788395917653,2022-03-02 06:50:07,2022-03-02,06:50:07
eth,17.635621654628153,2022-03-02 06:50:07,2022-03-02,06:50:07
usdt,3.920272840811777,2022-03-02 06:50:07,2022-03-02,06:50:07
bnb,3.4230916315092723,2022-03-02 06:50:07,2022-03-02,06:50:07
usdc,2.6500975753849696,2022-03-02 06:50:07,2022-03-02,06:50:07
xrp,1.8240003848669777,2022-03-02 06:50:07,2022-03-02,06:50:07
luna,1.7196325248169153,2022-03-02 06:50:07,2022-03-02,06:50:07
sol,1.6214114562752704,2022-03-02 06:50:07,2022-03-02,06:50:07
ada,1.5127749784073703,2022-03-02 06:50:07,2022-03-02,06:50:07
avax,1.0553070982103052,2022-03-02 06:50:07,2022-03-02,06:50:07
btc,41.3210362350799,2022-03-02 07:00:21,2022-03-02,07:00:21
eth,17.62828019959631,2022-03-02 07:00:21,2022-03-02,07:00:21
usdt,3.9248160533327976,2022-03-02 07:00:21,2022-03-02,07:00:21
bnb,3.419073370595839,2022-03-02 07:00:21,2022-03-02,07:00:21
usdc,2.6489584308518968,2022-03-02 07:00:21,2022-03-02,07:00:21
xrp,1.8251072212237744,2022-03-02 07:00:21,2022-03-02,07:00:21
luna,1.7175491381385128,2022-03-02 07:00:21,2022-03-02,07:00:21
sol,1.623096307220993,2022-03-02 07:00:21,2022-03-02,07:00:21
ada,1.5140766420121752,2022-03-02 07:00:21,2022-03-02,07:00:21
avax,1.0560953219642,2022-03-02 07:00:21,2022-03-02,07:00:21
btc,41.34223300171295,2022-03-02 07:10:24,2022-03-02,07:10:24
eth,17.62549721817589,2022-03-02 07:10:24,2022-03-02,07:10:24
usdt,3.933826902220197,2022-03-02 07:10:24,2022-03-02,07:10:24
bnb,3.410751310730685,2022-03-02 07:10:24,2022-03-02,07:10:24
usdc,2.6584325314720503,2022-03-02 07:10:24,2022-03-02,07:10:24
xrp,1.824647993799414,2022-03-02 07:10:24,2022-03-02,07:10:24
luna,1.7091818481607752,2022-03-02 07:10:24,2022-03-02,07:10:24
sol,1.6217557972708443,2022-03-02 07:10:24,2022-03-02,07:10:24
ada,1.5128426982188687,2022-03-02 07:10:24,2022-03-02,07:10:24
avax,1.052500706683811,2022-03-02 07:10:24,2022-03-02,07:10:24
btc,41.33004102750683,2022-03-02 07:30:32,2022-03-02,07:30:32
eth,17.62538808665045,2022-03-02 07:30:32,2022-03-02,07:30:32
usdt,3.9417358561238665,2022-03-02 07:30:32,2022-03-02,07:30:32
bnb,3.415102642624158,2022-03-02 07:30:32,2022-03-02,07:30:32
usdc,2.665592450194839,2022-03-02 07:30:32,2022-03-02,07:30:32
xrp,1.8177793131371835,2022-03-02 07:30:32,2022-03-02,07:30:32
luna,1.719170161618103,2022-03-02 07:30:32,2022-03-02,07:30:32
sol,1.6198097308536217,2022-03-02 07:30:32,2022-03-02,07:30:32
ada,1.5137218405499462,2022-03-02 07:30:32,2022-03-02,07:30:32
avax,1.0494257342222524,2022-03-02 07:30:32,2022-03-02,07:30:32
btc,41.26238129594999,2022-03-02 07:40:36,2022-03-02,07:40:36
eth,17.650721489071064,2022-03-02 07:40:36,2022-03-02,07:40:36
usdt,3.941049889803604,2022-03-02 07:40:36,2022-03-02,07:40:36
bnb,3.416145765439988,2022-03-02 07:40:36,2022-03-02,07:40:36
usdc,2.6642377685978698,2022-03-02 07:40:36,2022-03-02,07:40:36
xrp,1.820659896598332,2022-03-02 07:40:36,2022-03-02,07:40:36
luna,1.7374984976281131,2022-03-02 07:40:36,2022-03-02,07:40:36
sol,1.6316783946494435,2022-03-02 07:40:36,2022-03-02,07:40:36
ada,1.5191265522202766,2022-03-02 07:40:36,2022-03-02,07:40:36
avax,1.0526074649972963,2022-03-02 07:40:36,2022-03-02,07:40:36
btc,41.26615857048011,2022-03-02 07:50:40,2022-03-02,07:50:40
eth,17.65233728579983,2022-03-02 07:50:40,2022-03-02,07:50:40
usdt,3.9414106646038736,2022-03-02 07:50:40,2022-03-02,07:50:40
bnb,3.417283379478395,2022-03-02 07:50:40,2022-03-02,07:50:40
usdc,2.658664545134079,2022-03-02 07:50:40,2022-03-02,07:50:40
xrp,1.8208265649301008,2022-03-02 07:50:40,2022-03-02,07:50:40
luna,1.7419028187634724,2022-03-02 07:50:40,2022-03-02,07:50:40
sol,1.6318277630825753,2022-03-02 07:50:40,2022-03-02,07:50:40
ada,1.517057116636774,2022-03-02 07:50:40,2022-03-02,07:50:40
avax,1.0539772128569511,2022-03-02 07:50:40,2022-03-02,07:50:40
btc,41.32790546209366,2022-03-02 08:10:47,2022-03-02,08:10:47
eth,17.601486539836003,2022-03-02 08:10:47,2022-03-02,08:10:47
usdt,3.933930483267118,2022-03-02 08:10:47,2022-03-02,08:10:47
bnb,3.4121960461074865,2022-03-02 08:10:47,2022-03-02,08:10:47
usdc,2.657121363652353,2022-03-02 08:10:47,2022-03-02,08:10:47
xrp,1.8241646367634408,2022-03-02 08:10:47,2022-03-02,08:10:47
luna,1.7478366826211515,2022-03-02 08:10:47,2022-03-02,08:10:47
sol,1.6254156184288369,2022-03-02 08:10:47,2022-03-02,08:10:47
ada,1.5171278453530466,2022-03-02 08:10:47,2022-03-02,08:10:47
avax,1.0482638282050278,2022-03-02 08:10:47,2022-03-02,08:10:47
btc,41.30496521681763,2022-03-02 08:20:49,2022-03-02,08:20:49
eth,17.64019074888954,2022-03-02 08:20:49,2022-03-02,08:20:49
usdt,3.937609068835054,2022-03-02 08:20:49,2022-03-02,08:20:49
bnb,3.4123563486122244,2022-03-02 08:20:49,2022-03-02,08:20:49
usdc,2.6564814890651967,2022-03-02 08:20:49,2022-03-02,08:20:49
xrp,1.8243718596919485,2022-03-02 08:20:49,2022-03-02,08:20:49
luna,1.741374588976991,2022-03-02 08:20:49,2022-03-02,08:20:49
sol,1.6255780984396586,2022-03-02 08:20:49,2022-03-02,08:20:49
ada,1.522465072997919,2022-03-02 08:20:49,2022-03-02,08:20:49
avax,1.0426241714975797,2022-03-02 08:20:49,2022-03-02,08:20:49
btc,41.30977308722861,2022-03-02 08:30:51,2022-03-02,08:30:51
eth,17.6755045450991,2022-03-02 08:30:51,2022-03-02,08:30:51
usdt,3.9207674222512328,2022-03-02 08:30:51,2022-03-02,08:30:51
bnb,3.410626257001973,2022-03-02 08:30:51,2022-03-02,08:30:51
usdc,2.6434787404021214,2022-03-02 08:30:51,2022-03-02,08:30:51
xrp,1.8232731390548496,2022-03-02 08:30:51,2022-03-02,08:30:51
luna,1.7438298707600517,2022-03-02 08:30:51,2022-03-02,08:30:51
sol,1.639078117635908,2022-03-02 08:30:51,2022-03-02,08:30:51
ada,1.5213054241905162,2022-03-02 08:30:51,2022-03-02,08:30:51
avax,1.04354991194847,2022-03-02 08:30:51,2022-03-02,08:30:51
btc,41.27246419275616,2022-03-02 08:50:56,2022-03-02,08:50:56
eth,17.68680314251775,2022-03-02 08:50:56,2022-03-02,08:50:56
usdt,3.911941929824528,2022-03-02 08:50:56,2022-03-02,08:50:56
bnb,3.417042520265163,2022-03-02 08:50:56,2022-03-02,08:50:56
usdc,2.6391975788607254,2022-03-02 08:50:56,2022-03-02,08:50:56
xrp,1.820327308399192,2022-03-02 08:50:56,2022-03-02,08:50:56
luna,1.7432701778016448,2022-03-02 08:50:56,2022-03-02,08:50:56
sol,1.6434428626978292,2022-03-02 08:50:56,2022-03-02,08:50:56
ada,1.520564661833424,2022-03-02 08:50:56,2022-03-02,08:50:56
avax,1.0455919099515287,2022-03-02 08:50:56,2022-03-02,08:50:56
btc,41.27246419275616,2022-03-02 09:00:59,2022-03-02,09:00:59
eth,17.68680314251775,2022-03-02 09:00:59,2022-03-02,09:00:59
usdt,3.911941929824528,2022-03-02 09:00:59,2022-03-02,09:00:59
bnb,3.417042520265163,2022-03-02 09:00:59,2022-03-02,09:00:59
usdc,2.6391975788607254,2022-03-02 09:00:59,2022-03-02,09:00:59
xrp,1.820327308399192,2022-03-02 09:00:59,2022-03-02,09:00:59
luna,1.7432701778016448,2022-03-02 09:00:59,2022-03-02,09:00:59
sol,1.6434428626978292,2022-03-02 09:00:59,2022-03-02,09:00:59
ada,1.520564661833424,2022-03-02 09:00:59,2022-03-02,09:00:59
avax,1.0455919099515287,2022-03-02 09:00:59,2022-03-02,09:00:59
btc,41.27246419275616,2022-03-02 09:11:03,2022-03-02,09:11:03
eth,17.68680314251775,2022-03-02 09:11:03,2022-03-02,09:11:03
usdt,3.911941929824528,2022-03-02 09:11:03,2022-03-02,09:11:03
bnb,3.417042520265163,2022-03-02 09:11:03,2022-03-02,09:11:03
usdc,2.6391975788607254,2022-03-02 09:11:03,2022-03-02,09:11:03
xrp,1.820327308399192,2022-03-02 09:11:03,2022-03-02,09:11:03
luna,1.7432701778016448,2022-03-02 09:11:03,2022-03-02,09:11:03
sol,1.6434428626978292,2022-03-02 09:11:03,2022-03-02,09:11:03
ada,1.520564661833424,2022-03-02 09:11:03,2022-03-02,09:11:03
avax,1.0455919099515287,2022-03-02 09:11:03,2022-03-02,09:11:03
btc,41.27246419275616,2022-03-02 09:21:06,2022-03-02,09:21:06
eth,17.68680314251775,2022-03-02 09:21:06,2022-03-02,09:21:06
usdt,3.911941929824528,2022-03-02 09:21:06,2022-03-02,09:21:06
bnb,3.417042520265163,2022-03-02 09:21:06,2022-03-02,09:21:06
usdc,2.6391975788607254,2022-03-02 09:21:06,2022-03-02,09:21:06
xrp,1.820327308399192,2022-03-02 09:21:06,2022-03-02,09:21:06
luna,1.7432701778016448,2022-03-02 09:21:06,2022-03-02,09:21:06
sol,1.6434428626978292,2022-03-02 09:21:06,2022-03-02,09:21:06
ada,1.520564661833424,2022-03-02 09:21:06,2022-03-02,09:21:06
avax,1.0455919099515287,2022-03-02 09:21:06,2022-03-02,09:21:06
btc,41.19539054704311,2022-03-02 09:41:12,2022-03-02,09:41:12
eth,17.707311654495612,2022-03-02 09:41:12,2022-03-02,09:41:12
usdt,3.9270139945455216,2022-03-02 09:41:12,2022-03-02,09:41:12
bnb,3.4228710496608707,2022-03-02 09:41:12,2022-03-02,09:41:12
usdc,2.65077959360364,2022-03-02 09:41:12,2022-03-02,09:41:12
xrp,1.8214861954017727,2022-03-02 09:41:12,2022-03-02,09:41:12
luna,1.7395261999112486,2022-03-02 09:41:12,2022-03-02,09:41:12
sol,1.6448545241656292,2022-03-02 09:41:12,2022-03-02,09:41:12
ada,1.516506524177052,2022-03-02 09:41:12,2022-03-02,09:41:12
avax,1.0448557570910877,2022-03-02 09:41:12,2022-03-02,09:41:12
btc,41.221551749394834,2022-03-02 09:51:19,2022-03-02,09:51:19
eth,17.69094049936552,2022-03-02 09:51:19,2022-03-02,09:51:19
usdt,3.92549601198363,2022-03-02 09:51:19,2022-03-02,09:51:19
bnb,3.4240608432100204,2022-03-02 09:51:19,2022-03-02,09:51:19
usdc,2.646325485298601,2022-03-02 09:51:19,2022-03-02,09:51:19
xrp,1.82080490761898,2022-03-02 09:51:19,2022-03-02,09:51:19
luna,1.7331943646229655,2022-03-02 09:51:19,2022-03-02,09:51:19
sol,1.6428443033502844,2022-03-02 09:51:19,2022-03-02,09:51:19
ada,1.516183657199465,2022-03-02 09:51:19,2022-03-02,09:51:19
avax,1.042635454202384,2022-03-02 09:51:19,2022-03-02,09:51:19
btc,41.1967804506124,2022-03-02 10:01:21,2022-03-02,10:01:21
eth,17.712150968544425,2022-03-02 10:01:21,2022-03-02,10:01:21
usdt,3.9225172777722728,2022-03-02 10:01:21,2022-03-02,10:01:21
bnb,3.4216073864876324,2022-03-02 10:01:21,2022-03-02,10:01:21
usdc,2.6443930451362863,2022-03-02 10:01:21,2022-03-02,10:01:21
xrp,1.8216128781567809,2022-03-02 10:01:21,2022-03-02,10:01:21
luna,1.7337114500205149,2022-03-02 10:01:21,2022-03-02,10:01:21
sol,1.6462431425431578,2022-03-02 10:01:21,2022-03-02,10:01:21
ada,1.5165837456874312,2022-03-02 10:01:21,2022-03-02,10:01:21
avax,1.043636556376151,2022-03-02 10:01:21,2022-03-02,10:01:21
btc,41.19200226599526,2022-03-02 10:21:27,2022-03-02,10:21:27
eth,17.710096635017177,2022-03-02 10:21:27,2022-03-02,10:21:27
usdt,3.922062326887468,2022-03-02 10:21:27,2022-03-02,10:21:27
bnb,3.421210533345198,2022-03-02 10:21:27,2022-03-02,10:21:27
usdc,2.6458636318375284,2022-03-02 10:21:27,2022-03-02,10:21:27
xrp,1.821401599446708,2022-03-02 10:21:27,2022-03-02,10:21:27
luna,1.736593013250139,2022-03-02 10:21:27,2022-03-02,10:21:27
sol,1.6455548569352902,2022-03-02 10:21:27,2022-03-02,10:21:27
ada,1.516407845603857,2022-03-02 10:21:27,2022-03-02,10:21:27
avax,1.0428607114938804,2022-03-02 10:21:27,2022-03-02,10:21:27
btc,41.19239560581355,2022-03-02 10:31:29,2022-03-02,10:31:29
eth,17.70398955398656,2022-03-02 10:31:29,2022-03-02,10:31:29
usdt,3.9132770037386377,2022-03-02 10:31:29,2022-03-02,10:31:29
bnb,3.422727043124532,2022-03-02 10:31:29,2022-03-02,10:31:29
usdc,2.639467566343764,2022-03-02 10:31:29,2022-03-02,10:31:29
xrp,1.824404070982901,2022-03-02 10:31:29,2022-03-02,10:31:29
luna,1.734219766051618,2022-03-02 10:31:29,2022-03-02,10:31:29
sol,1.6487602421417102,2022-03-02 10:31:29,2022-03-02,10:31:29
ada,1.518361347637872,2022-03-02 10:31:29,2022-03-02,10:31:29
avax,1.045684815782575,2022-03-02 10:31:29,2022-03-02,10:31:29
btc,41.16327178232982,2022-03-02 10:41:32,2022-03-02,10:41:32
eth,17.72806264024162,2022-03-02 10:41:32,2022-03-02,10:41:32
usdt,3.9052126590535226,2022-03-02 10:41:32,2022-03-02,10:41:32
bnb,3.419532043699105,2022-03-02 10:41:32,2022-03-02,10:41:32
usdc,2.631483681925644,2022-03-02 10:41:32,2022-03-02,10:41:32
xrp,1.8261219571187564,2022-03-02 10:41:32,2022-03-02,10:41:32
luna,1.7253574897401551,2022-03-02 10:41:32,2022-03-02,10:41:32
sol,1.652396044916452,2022-03-02 10:41:32,2022-03-02,10:41:32
ada,1.5214191930575962,2022-03-02 10:41:32,2022-03-02,10:41:32
avax,1.0482208152417023,2022-03-02 10:41:32,2022-03-02,10:41:32
btc,41.16314868144578,2022-03-02 10:51:36,2022-03-02,10:51:36
eth,17.729314685743912,2022-03-02 10:51:36,2022-03-02,10:51:36
usdt,3.898615680219665,2022-03-02 10:51:36,2022-03-02,10:51:36
bnb,3.4159253637961275,2022-03-02 10:51:36,2022-03-02,10:51:36
usdc,2.6322487922550275,2022-03-02 10:51:36,2022-03-02,10:51:36
xrp,1.8254555975082585,2022-03-02 10:51:36,2022-03-02,10:51:36
luna,1.7237426705264638,2022-03-02 10:51:36,2022-03-02,10:51:36
sol,1.661077837719423,2022-03-02 10:51:36,2022-03-02,10:51:36
ada,1.5198386637517594,2022-03-02 10:51:36,2022-03-02,10:51:36
avax,1.0467890731621852,2022-03-02 10:51:36,2022-03-02,10:51:36
btc,41.19801029006964,2022-03-02 11:11:41,2022-03-02,11:11:41
eth,17.685854569926683,2022-03-02 11:11:41,2022-03-02,11:11:41
usdt,3.907654799303744,2022-03-02 11:11:41,2022-03-02,11:11:41
bnb,3.416013288104665,2022-03-02 11:11:41,2022-03-02,11:11:41
usdc,2.642187564238232,2022-03-02 11:11:41,2022-03-02,11:11:41
xrp,1.827284487603856,2022-03-02 11:11:41,2022-03-02,11:11:41
luna,1.7128858559014373,2022-03-02 11:11:41,2022-03-02,11:11:41
sol,1.6540530528618078,2022-03-02 11:11:41,2022-03-02,11:11:41
ada,1.5181045040533268,2022-03-02 11:11:41,2022-03-02,11:11:41
avax,1.040092897714048,2022-03-02 11:11:41,2022-03-02,11:11:41
btc,41.19898503288444,2022-03-02 11:21:44,2022-03-02,11:21:44
eth,17.674167911868086,2022-03-02 11:21:44,2022-03-02,11:21:44
usdt,3.9104141071409706,2022-03-02 11:21:44,2022-03-02,11:21:44
bnb,3.414579080054456,2022-03-02 11:21:44,2022-03-02,11:21:44
usdc,2.633768261020268,2022-03-02 11:21:44,2022-03-02,11:21:44
xrp,1.8293741822764649,2022-03-02 11:21:44,2022-03-02,11:21:44
luna,1.716371028903073,2022-03-02 11:21:44,2022-03-02,11:21:44
sol,1.6524277753326166,2022-03-02 11:21:44,2022-03-02,11:21:44
ada,1.5197370649000044,2022-03-02 11:21:44,2022-03-02,11:21:44
avax,1.0392775715915594,2022-03-02 11:21:44,2022-03-02,11:21:44
btc,41.199853625450125,2022-03-02 11:31:47,2022-03-02,11:31:47
eth,17.674540533932458,2022-03-02 11:31:47,2022-03-02,11:31:47
usdt,3.910496549866672,2022-03-02 11:31:47,2022-03-02,11:31:47
bnb,3.414651069158108,2022-03-02 11:31:47,2022-03-02,11:31:47
usdc,2.633823788396232,2022-03-02 11:31:47,2022-03-02,11:31:47
xrp,1.829412750722103,2022-03-02 11:31:47,2022-03-02,11:31:47
luna,1.7164072149186864,2022-03-02 11:31:47,2022-03-02,11:31:47
sol,1.6524626132413622,2022-03-02 11:31:47,2022-03-02,11:31:47
ada,1.5197691053086533,2022-03-02 11:31:47,2022-03-02,11:31:47
avax,1.0392994825384347,2022-03-02 11:31:47,2022-03-02,11:31:47
btc,41.17771095465038,2022-03-02 11:51:53,2022-03-02,11:51:53
eth,17.69218202898278,2022-03-02 11:51:53,2022-03-02,11:51:53
usdt,3.908709299372268,2022-03-02 11:51:53,2022-03-02,11:51:53
bnb,3.41040571247492,2022-03-02 11:51:53,2022-03-02,11:51:53
usdc,2.635966482711325,2022-03-02 11:51:53,2022-03-02,11:51:53
xrp,1.8343677488113628,2022-03-02 11:51:53,2022-03-02,11:51:53
luna,1.7193386090795617,2022-03-02 11:51:53,2022-03-02,11:51:53
sol,1.6468554114989826,2022-03-02 11:51:53,2022-03-02,11:51:53
ada,1.5236211830970976,2022-03-02 11:51:53,2022-03-02,11:51:53
avax,1.0379846847096543,2022-03-02 11:51:53,2022-03-02,11:51:53
btc,41.18081125077401,2022-03-02 12:01:57,2022-03-02,12:01:57
eth,17.690234528379765,2022-03-02 12:01:57,2022-03-02,12:01:57
usdt,3.905883883336053,2022-03-02 12:01:57,2022-03-02,12:01:57
bnb,3.4129379257301515,2022-03-02 12:01:57,2022-03-02,12:01:57
usdc,2.636164946309202,2022-03-02 12:01:57,2022-03-02,12:01:57
xrp,1.833179565528906,2022-03-02 12:01:57,2022-03-02,12:01:57
luna,1.719468059180147,2022-03-02 12:01:57,2022-03-02,12:01:57
sol,1.6469794042933874,2022-03-02 12:01:57,2022-03-02,12:01:57
ada,1.5220784962171876,2022-03-02 12:01:57,2022-03-02,12:01:57
avax,1.0380628352386614,2022-03-02 12:01:57,2022-03-02,12:01:57
btc,41.14254165279199,2022-03-02 12:12:00,2022-03-02,12:12:00
eth,17.694719825000433,2022-03-02 12:12:00,2022-03-02,12:12:00
usdt,3.906272403248254,2022-03-02 12:12:00,2022-03-02,12:12:00
bnb,3.417396249787267,2022-03-02 12:12:00,2022-03-02,12:12:00
usdc,2.635841669262422,2022-03-02 12:12:00,2022-03-02,12:12:00
xrp,1.8312881765449776,2022-03-02 12:12:00,2022-03-02,12:12:00
luna,1.715900042245351,2022-03-02 12:12:00,2022-03-02,12:12:00
sol,1.650777745595967,2022-03-02 12:12:00,2022-03-02,12:12:00
ada,1.525435538030933,2022-03-02 12:12:00,2022-03-02,12:12:00
avax,1.0409549921455947,2022-03-02 12:12:00,2022-03-02,12:12:00
btc,41.16233318310235,2022-03-02 12:32:17,2022-03-02,12:32:17
eth,17.661304021253628,2022-03-02 12:32:17,2022-03-02,12:32:17
usdt,3.9095280082400734,2022-03-02 12:32:17,2022-03-02,12:32:17
bnb,3.413185158909719,2022-03-02 12:32:17,2022-03-02,12:32:17
usdc,2.633276443435031,2022-03-02 12:32:17,2022-03-02,12:32:17
xrp,1.826379358573586,2022-03-02 12:32:17,2022-03-02,12:32:17
luna,1.719126473164289,2022-03-02 12:32:17,2022-03-02,12:32:17
sol,1.648225321987139,2022-03-02 12:32:17,2022-03-02,12:32:17
ada,1.5247032641198686,2022-03-02 12:32:17,2022-03-02,12:32:17
avax,1.0430381330415637,2022-03-02 12:32:17,2022-03-02,12:32:17
btc,41.19902028321175,2022-03-02 12:42:22,2022-03-02,12:42:22
eth,17.634057002556155,2022-03-02 12:42:22,2022-03-02,12:42:22
usdt,3.9255821504162,2022-03-02 12:42:22,2022-03-02,12:42:22
bnb,3.416227257253848,2022-03-02 12:42:22,2022-03-02,12:42:22
usdc,2.648878815246792,2022-03-02 12:42:22,2022-03-02,12:42:22
xrp,1.8255878954980729,2022-03-02 12:42:22,2022-03-02,12:42:22
luna,1.711534692429214,2022-03-02 12:42:22,2022-03-02,12:42:22
sol,1.638139349474358,2022-03-02 12:42:22,2022-03-02,12:42:22
ada,1.525819312408225,2022-03-02 12:42:22,2022-03-02,12:42:22
avax,1.0380022174630907,2022-03-02 12:42:22,2022-03-02,12:42:22
btc,41.19241211604373,2022-03-02 12:52:25,2022-03-02,12:52:25
eth,17.634572820161463,2022-03-02 12:52:25,2022-03-02,12:52:25
usdt,3.926988482223627,2022-03-02 12:52:25,2022-03-02,12:52:25
bnb,3.414528684889858,2022-03-02 12:52:25,2022-03-02,12:52:25
usdc,2.6473501485977486,2022-03-02 12:52:25,2022-03-02,12:52:25
xrp,1.825035944248609,2022-03-02 12:52:25,2022-03-02,12:52:25
luna,1.7087557574083638,2022-03-02 12:52:25,2022-03-02,12:52:25
sol,1.6359998612432876,2022-03-02 12:52:25,2022-03-02,12:52:25
ada,1.5257152538392476,2022-03-02 12:52:25,2022-03-02,12:52:25
avax,1.0366930131380725,2022-03-02 12:52:25,2022-03-02,12:52:25
btc,41.186235251374214,2022-03-02 13:02:29,2022-03-02,13:02:29
eth,17.652244912758107,2022-03-02 13:02:29,2022-03-02,13:02:29
usdt,3.9220121841072446,2022-03-02 13:02:29,2022-03-02,13:02:29
bnb,3.4141916890821356,2022-03-02 13:02:29,2022-03-02,13:02:29
usdc,2.6469531744279755,2022-03-02 13:02:29,2022-03-02,13:02:29
xrp,1.8256642874755276,2022-03-02 13:02:29,2022-03-02,13:02:29
luna,1.7084995268910288,2022-03-02 13:02:29,2022-03-02,13:02:29
sol,1.6357545405829246,2022-03-02 13:02:29,2022-03-02,13:02:29
ada,1.5256701266305324,2022-03-02 13:02:29,2022-03-02,13:02:29
avax,1.036537559448496,2022-03-02 13:02:29,2022-03-02,13:02:29
